0,Helen Clark,['Helen Clark']
20,ACF Fiorentina,['ACF Fiorentina']
40,"Unione Sportiva Lecce', 'FC Inter Milan', 'Como 1907",['Como 1907']
60,Thomas C. Sawyer,"['Bob Ney', 'Thomas C. Sawyer']"
80,Wulf Goette,['Wulf Goette']
100,Leonard B. Jordan,['Leonard B. Jordan']
120,David Valadao,"['Julia Brownley', 'Steve Knight', 'Paul Cook', 'Jared Huffman', 'David Valadao', 'Mike Davis', 'Norma Torres']"
140,"Peter Temple-Morris, Baron Temple-Morris', 'Raymond Gower', 'Charles Fletcher-Cooke', 'Daniel Awdry', 'Bruce Douglas-Mann', 'Hélène Hayman', 'Denis Howell, Baron Howell', 'Donald Coleman', 'Nigel Lawson', 'Russell Fairgrieve', 'Robert Woof', 'Michael Marshall', 'Kenneth Clarke', 'Alick Buchanan-Smith', 'Andrew Faulds', 'Samuel Silkin, Baron Silkin of Dulwich', 'Eric Heffer', 'Roy Hattersley', 'Peter Snape, Baron Snape', 'Harold Wilson', 'Margaret Thatcher', 'Bruce George', 'John Mendelson', 'John Nott', 'Willie Whitelaw', 'Maurice Miller', 'James Dempsey', 'Alex Lyon', 'James Prior, Baron Prior', 'Martin Flannery', 'John Pardoe', 'Roy Hughes, Baron Islwyn', 'Edward Brown', 'Jack Dunnett', 'Jim Sillars', 'Robert Bradford', 'James Molyneaux, Baron Molyneaux of Killead', 'Michael Cocks', 'Anthony Grant', 'Robert Hughes, Baron Hughes of Woodside', 'William Rodgers', 'Arthur Bottomley', 'William Benyon', 'John Michael Gorst', 'Donald Stewart', 'Giles Shaw', 'Peter Fry', 'Hugh Fraser', 'Evelyn King', 'Richard Wood, Baron Holderness', 'Jeremy Bray', 'Tom Bradley', 'Gavin Strang', 'Walter Padley', 'John Smith', 'David James', 'Norman Fowler', 'Ian Lloyd', 'Eric Ogden', 'Brian Walden', 'Fred Mulley', 'Oscar Murton, Baron Murton of Lindisfarne', 'Michael Hamilton', 'John Moore, Baron Moore of Lower Marsh', 'Nicholas Edwards, Baron Crickhowell', 'Adam Hunter', 'Denzil Davies', 'Ian Mikardo', 'Robin Maxwell-Hyslop', 'Michael Alison', 'Michael Shaw', 'William van Straubenzee', 'Bernard Conlan', 'Robert Hicks', 'Brynmor John', 'Stan Newens', 'Anthony Kershaw', 'William Molloy, Baron Molloy', 'Edward du Cann', 'Maurice Edelman', 'Alexander MacPherson Fletcher', 'Doug Hoyle, Baron Hoyle', 'Lewis Carter-Jones', 'Sir John Gilmour, 3rd Baronet', 'Edwin Wainwright', 'Ray Mawby', 'Ian Paisley', 'James Spicer', 'Dan Jones', 'Don Concannon', 'Winston Spencer-Churchill', 'Robert Cant', 'John Spence', 'Patrick McNair-Wilson', 'Tim Rathbone', 'Peter Doig', 'Geoffrey Johnson Smith', 'Cranley Onslow', 'Norman Buchan', 'Andrew Welsh', 'Peter Rees, Baron Rees', 'Harold Walker, Baron Walker of Doncaster', 'Morgan Morgan-Giles', 'Peter Thomas, Baron Thomas of Gwydir', 'John Horam', 'Tony Benn', 'John Parker', 'Robert McCrindle', 'Kevin McNamara', 'Robert Edwards', 'John Stonehouse', 'Andrew Bowden', 'Evan Luard', 'Fred Silvester', 'James Wellbeloved', 'John Davies', 'Graham Page', 'Michael Havers, Baron Havers', 'Robert Sheldon, Baron Sheldon', 'Marcus Kimball, Baron Kimball', 'Bryan Gould', 'David Watkins', 'Joel Barnett, Baron Barnett', 'Ernest Armstrong', 'Nicholas Ridley, Baron Ridley of Liddesdale', 'Richard Body', 'David Lane', 'Edward Short, Baron Glenamara', 'Jonathan Aitken', 'John Robertson', 'Arthur Latham', 'Keith Hampson', 'John Hannam', 'Jeffrey Thomas', 'Gwilym Roberts', 'Alan Beith', 'James Callaghan', 'John Hall', 'Geoffrey Pattie', 'Leon Brittan', 'Peter Blaker, Baron Blaker', 'Joyce Butler', 'Bernard Braine', 'Cledwyn Hughes, Baron Cledwyn of Penrhos', 'George Reid', 'Neville Trotter', 'Gerald Kaufman', 'Peter Shore', 'Eric Varley', 'David Knox', 'Airey Neave', 'Geoffrey Robinson', 'Roland Moyle', 'Arthur Blenkinsop', 'Edward Lyons', 'Trevor Skeet', 'Neil Kinnock', 'Julian Ridsdale', 'Ian Wrigglesworth', 'Dafydd Wigley', 'Jasper More', 'Tim Renton, Baron Renton of Mount Harry', 'Esmond Bulmer', 'Norman Lamont', 'Austin Mitchell', 'Philip Goodhart', 'Peter Walker, Baron Walker of Worcester', 'Nigel Forman', 'Iain Sproat', 'Ernest Perry', 'Tony Durant', 'Raphael Tuck', 'Derek Walker-Smith, Baron Broxbourne', 'George Gardiner', 'Teddy Taylor', 'Edmund Marshall', 'Donald Dewar', 'Mark Hughes', 'David Weitzman', 'Hugh Delargy', 'Clement Freud', 'Patrick Jenkin', 'Barbara Castle, Baroness Castle of Blackburn', 'Jim Lester', 'David Atkinson', 'Albert Roberts', 'Sir George Young', 'Greville Janner, Baron Janner of Braunstone', 'Thomas Torney', 'Christopher Price', 'Maureen Colquhoun', 'Malcolm Rifkind', 'Jill Knight', 'Ian Gow', 'Enoch Powell', 'Philip Holland', 'Jim Sillars', 'Ian Grist', 'Jim Marshall', 'Vivian Bendall', 'Arthur Lewis', 'Ian Percival', 'John Stanley', 'Shirley Summerskill', 'Gordon Oakes', 'Anthony Crosland', 'Jock Bruce-Gardyne', 'Russell Kerr', 'Michael Meacher', 'Peter Hordern', 'Audrey Wise', 'Nicholas Scott', 'Reg Freeson', 'Edward Bishop, Baron Bishopston', 'Norman St John-Stevas, Baron St John of Fawsley', ""Brian O'Malley"", 'Gwynfor Evans', 'Gerard Folliott Vaughan', 'Geraint Morgan', 'Gwyneth Dunwoody', 'Timothy Kitson', 'Maurice Macmillan', 'Sally Oppenheim-Barnes, Baroness Oppenheim-Barnes', 'Selwyn Lloyd', 'John Tomlinson, Baron Tomlinson', 'Giles Radice, Baron Radice', 'Alec Woodall', 'Paul Hawkins', 'Jack Ashley, Baron Ashley of Stoke', 'John Biggs-Davison', 'Dennis Skinner', 'David Mitchell', 'Bonner Pink', 'Peter Morrison', 'Betty Harvie Anderson', 'Alec Jones', 'Ted Leadbitter', 'Frank McElhone', 'Nicholas Fairbairn', 'Dennis Canavan', 'Fergus Montgomery', 'David Ginsburg', 'Julian Amery, Baron Amery of Lustleigh', 'John Stradling Thomas', 'Michael Clark Hutchison', 'Joseph Godber', 'Carol Mather', 'Stephen McAdden', 'Harwood Harrison', 'Harold McCusker', 'George Cunningham', 'Roderick MacFarquhar', 'Jeff Rooker, Baron Rooker', 'Walter Clegg', 'John Cope, Baron Cope of Berkeley', 'David Lambie', 'Neil Marten', 'Anthony Royle, Baron Fanshawe of Richmond', 'Dennis Walters', 'Paul Dean, Baron Dean of Harptree', 'Charles Morrison', 'Michael Shersby', 'Robert Boscawen', 'Arnold Shaw', 'Robin Cook', 'Alan Haselhurst', 'Christopher Tugendhat, Baron Tugendhat', 'Jack Dormand', 'James Lamond', 'Jerry Wiggin', 'Barney Hayhoe, Baron Hayhoe', 'Geraint Howells', 'Bryan Davies, Baron Davies of Oldham', 'Francis Pym, Baron Pym', 'Neil Carmichael, Baron Carmichael of Kelvingrove', 'Alex Eadie', 'Neville Sandelson', 'Peter Brooke, Baron Brooke of Sutton Mandeville', 'James Dunn', 'Michael Stewart, Baron Stewart of Fulham', 'William Ross', 'Harry Gourlay', 'Willie Ross, Baron Ross of Marnock', 'Robert Rhodes James', 'Ralph Howell', 'Peter Emery', 'Alan Williams', 'Geoffrey Howe', 'Denis Healey', 'Nigel Spearing', 'Bryan Magee', 'Douglas Jay, Baron Jay', 'Robin Corbett, Baron Corbett of Castle Vale', 'John Silkin', 'Edward Loyden', 'Anthony Berry', 'Kenneth Marks', 'Alfred Hall-Davis', 'William Rupert Rees-Davies', 'William Elliott, Baron Elliott of Morpeth', 'Peter Michael Kirk', 'Michael Foot', 'Archie Hamilton, Baron Hamilton of Epsom', 'Frank Judd, Baron Judd', 'Gordon Bagier', 'Keith Stainton', 'Albert Costain', 'Terence Higgins, Baron Higgins', 'Eldon Griffiths', 'John Wells', 'George Grant', 'John Biffen', 'Kenneth Warren', 'Hugh McCartney', 'Tom Pendry, Baron Pendry', 'Willie Hamilton', 'Paul Channon, Baron Kelvedon', 'Dafydd Elis-Thomas', 'Nicholas Budgen', 'John Eden, Baron Eden of Winton', 'Hamish Watt', 'David Owen', 'Michael Latham', 'Geoffrey de Freitas', 'Tom King, Baron King of Bridgwater', 'Richard Kelley', 'Peter Tapsell', 'Phillip Whitehead', 'Shirley Williams', 'Humphrey Atkins', 'George Strauss', 'Tam Galbraith', 'Andrew Bennett', 'George Thomas, 1st Viscount Tonypandy', 'Wyn Roberts, Baron Roberts of Conwy', 'Dudley Smith', 'Reginald Bennett', 'Tom Normanton', 'Peter Viggers', 'Michael Jopling, Baron Jopling', 'Frederick Burden', 'Simon Mahon', 'Alfred Broughton', 'Arthur Davidson', 'Keith Speed', 'Michael Mates', 'Maurice Orbach', 'James Hamilton', 'Antony Buck', 'Ifor Davies', 'Myer Galpern', 'Ray Whitney', 'John Grant', 'Toby Jessel', 'Joseph Mallalieu', 'Robert Adley', 'Frederick Willey', 'John Langford-Holt', 'Jo Richardson', 'Donald Kaberry, Baron Kaberry of Adel', 'Angus Maude', 'Harold Boardman', 'Ronald Brown', 'Michael Neubert', 'Patrick Mayhew, Baron Mayhew of Twysden', 'Winnie Ewing', 'Geoffrey Rippon', 'James Tinn', 'Mark Carlisle', 'Hugh Rossi', 'Ivor Stanbrook', 'Reginald Eyre', ""Michael O'Halloran"", 'Frank Allaun', 'John Peyton, Baron Peyton of Yeovil', 'Fred Peart, Baron Peart', 'Anthony Nelson', 'Thomas Urwin', 'James Douglas-Hamilton, Baron Selkirk of Douglas', 'Hamish Gray, Baron Gray of Contin', 'Joseph Harper', 'Walter Johnson', 'Peter Hardy, Baron Hardy of Wath', 'James Boyden', 'Hugh Brown', 'Merlyn Rees', 'Laurence Pavitt', 'Peter Mills', 'James Johnson', 'Joseph Dean, Baron Dean of Beswick', 'Peter Rost', 'David Crouch', 'John Heydon Stokes', 'Arthur Palmer', 'Douglas Hurd', 'Ian Stewart, Baron Stewartby', 'Russell Johnston', 'Michael Grylls', 'Ronald Bell', 'John Fraser', 'Alan Fitch', 'Cecil Parkinson', 'William Wilson', 'John MacGregor, Baron MacGregor of Pulham Market', 'Barry Jones, Baron Jones', 'Robert Carr', 'Michael English', 'David Walder', 'Alf Morris', 'Frederic Bennett', 'Emlyn Hooson, Baron Hooson', 'Brian Sedgemore', 'David Young', 'Kenneth Lewis', 'Richard Wainwright', 'Charles Morris', 'William Small', 'Burnaby Drayson', 'Sir Anthony Meyer, 3rd Baronet', 'Leslie Spriggs', 'Cyril Smith', 'Michael McNair-Wilson', 'Paul Rose', 'Jeremy Thorpe', 'Jack Cunningham, Baron Cunningham of Felling', 'Les Huckfield', 'Richard Crawshaw', 'Michael Heseltine', 'Adam Butler', 'John Mackintosh', 'John Corrie', 'Reginald Maudling', 'Harry Ewing, Baron Ewing of Kirkford', 'Julian Critchley', 'Hector Monro, Baron Monro of Langholm', 'David Ennals, Baron Ennals', 'Thomas Williams', 'Edward Gardner', 'Marcus Fox', 'John Gilbert, Baron Gilbert', 'Alastair Goodlad, Baron Goodlad', 'Walter Harrison', 'James Kilfedder', 'Michael Morris, Baron Naseby', 'Michael McGuire', 'Stanley Orme, Baron Orme', 'Robert Kilroy-Silk', 'Dickson Mabon', 'David Marquand', 'Leo Abse', 'Alan Glyn', 'Geoffrey Finsberg', 'John Garrett', 'David Waddington, Baron Waddington', 'Cyril Townsend', 'Petre Crowder', 'Marcus Lipton', 'Ray Fletcher', 'Richard Page', 'John Wakeham, Baron Wakeham', 'Hugh Jenkins, Baron Jenkins of Putney', 'Margaret Beckett', 'John Forrester', 'Joe Ashton', 'Ann Taylor, Baroness Taylor of Bolton', 'David Price', 'Betty Boothroyd', 'Ivan Lawrence', 'Richard Luce, Baron Luce', 'John Desmond Cronin', 'Lynda, Baroness Chalker of Wallasey', 'Edward Graham, Baron Graham of Edmonton', 'Kenneth Baker, Baron Baker of Dorking', 'Oonagh McDonald', 'Robert Brown', 'Ronald King Murray, Lord Murray', 'Ian Campbell', 'John Prescott', 'George Sinclair', 'Donald Anderson, Baron Anderson of Swansea', 'Michael Spicer, Baron Spicer', 'Bernard Weatherill', 'Patrick Wall', 'James White', 'Richard Buchanan', 'Robert Maclennan, Baron Maclennan of Rogart', 'Patrick Duffy', 'Ian Gilmour, Baron Gilmour of Craigmillar', 'Andrew MacKay', 'John Home Robertson', 'Norman Atkinson', 'Colin Phipps', 'William Clark, Baron Clark of Kempston', 'Sydney Irving', 'Stanley Clinton Davis, Baron Clinton-Davis', 'Keith Joseph', 'Roy Mason', 'John Golding', 'Hugh Dykes, Baron Dykes', 'Syd Bidwell', 'John Hunt', 'Bob Cryer', 'Robert Banks', 'George Thomas, 1st Viscount Tonypandy', 'Tom Arnold', 'David Steel', 'Nicholas Winterton', 'Julius Silverman', 'Anthony Steen', 'George Robertson, Baron Robertson of Port Ellen', 'Colin Shepherd', 'Ioan Evans', 'Roger Sims', 'Harold Lever, Baron Lever of Manchester', 'John Osborn', 'Patrick Cormack, Baron Cormack', 'Norman Miscampbell', 'Ronald Lewis', 'William Whitlock', 'Allen McKay', 'Nigel Fisher', 'Frank Tomney', 'Stan Thorne', 'Brandon Rhys-Williams', 'Thomas Swain', 'Geoffrey Lofthouse, Baron Lofthouse of Pontefract', 'David Howell, Baron Howell of Guildford', 'Timothy Raison', 'Eric Moonman', 'Roger Moate', 'Lena Jeger, Baroness Jeger', 'Tam Dalyell', 'Roy Jenkins', 'John Page', 'Ted Garrett', 'Victor Goodhew', 'Renee Short', 'Bruce Grocott, Baron Grocott', 'William Hamling', 'Kenneth Lomas', 'Gerry Fitt', 'Stephen Hastings', 'Bill Shelton', 'Edmund Dell', 'Bruce Millan', 'Tony Newton, Baron Newton of Braintree', 'Eric Deakins', 'John Morris, Baron Morris of Aberavon', 'Bob Mellish, Baron Mellish', 'Albert Booth', 'Godman Irvine', 'Roger Stott', 'Tom Ellis', 'Alfred Evans', 'Jo Grimond', 'Reg Prentice, Baron Prentice', 'Peter Archer, Baron Archer of Sandwell', 'Edward Heath', 'Thomas McMillan', 'Ben Ford', 'Arthur Irvine', 'Edward Fletcher', 'Paul Bryan', 'Tom Cox', 'David Renton, Baron Renton', 'Sir John Rodgers, 1st Baronet', 'David Mudd', 'Elaine Kellett-Bowman', 'Ted Rowlands, Baron Rowlands', 'Ernest Fernyhough', 'Gordon Wilson', 'David Hunt, Baron Hunt of Wirral', 'Peter Bottomley', 'Arthur Jones', 'Anthony Fell', 'Peter Rawlinson, Baron Rawlinson of Ewell', 'Jim Callaghan', 'Tim Sainsbury', 'Gregor Mackenzie', 'William Craig', 'David Alton, Baron Alton of Liverpool', 'Bob Mitchell', 'Guy Barnett', 'John Farr', 'John Evans, Baron Evans of Parkside', 'Max Madden', 'John Loveridge', 'Margaret Ewing', 'Judith Hart', 'Robert Parry', 'Rhodes Boyson', 'Joan Lestor, Baroness Lestor of Eccles', 'Robert Cooke', 'John Cordle","['Walter Johnson', 'Antony Buck', 'William Clark, Baron Clark of Kempston', 'Joseph Dean, Baron Dean of Beswick', 'Merlyn Rees', 'Malcolm Rifkind', 'James Callaghan', 'Willie Whitelaw', 'Edwin Wainwright', 'Alastair Goodlad, Baron Goodlad', 'Leo Abse', 'Les Huckfield', 'Samuel Silkin, Baron Silkin of Dulwich', 'David Crouch', 'Keith Joseph', 'Maureen Colquhoun', 'John Smith', 'William Elliott, Baron Elliott of Morpeth', 'Rhodes Boyson', 'Michael Jopling, Baron Jopling', 'Peter Shore', 'John Gilbert, Baron Gilbert', 'Harry Ewing, Baron Ewing of Kirkford', 'Alex Eadie', 'Norman Miscampbell', 'James White', 'Russell Fairgrieve', 'John Stonehouse', 'Gregor Mackenzie', 'William Whitlock', 'Robert Boscawen', 'Michael Stewart, Baron Stewart of Fulham', 'Nicholas Winterton', 'Keith Speed', 'Joseph Mallalieu', 'Robert Cooke', 'Andrew Bennett', 'David Watkins', 'Douglas Jay, Baron Jay', 'Patrick Cormack, Baron Cormack', 'Laurence Pavitt', 'Burnaby Drayson', 'Robert Woof', 'Ian Grist', 'Paul Channon, Baron Kelvedon', 'Margaret Beckett', 'David Weitzman', 'Roger Stott', 'Terence Higgins, Baron Higgins', 'Stan Thorne', 'Alf Morris', 'Nicholas Budgen', 'Hugh Dykes, Baron Dykes', 'Adam Butler', 'Anthony Kershaw', 'Ian Lloyd', 'Keith Stainton', 'Richard Buchanan', 'Bernard Conlan', 'Anthony Grant', 'John Eden, Baron Eden of Winton', 'John Horam', 'Brian Walden', 'Bob Mitchell', 'Norman Atkinson', 'Ronald Brown', 'Robert Cant', 'William Rupert Rees-Davies', 'James Hamilton', 'Ray Fletcher', 'Ivor Stanbrook', 'Jim Sillars', 'Peter Hardy, Baron Hardy of Wath', 'John Mendelson', 'Michael Latham', 'Philip Holland', 'Elaine Kellett-Bowman', 'Robert Bradford', 'Gordon Oakes', 'Stephen McAdden', 'Leon Brittan', 'Edward Short, Baron Glenamara', 'Joan Lestor, Baroness Lestor of Eccles', 'Ian Percival', 'Geoffrey Johnson Smith', 'Bruce Millan', 'David James', 'Shirley Summerskill', 'Colin Phipps', 'Andrew Bowden', 'Andrew Welsh', 'Peter Rawlinson, Baron Rawlinson of Ewell', 'Frank McElhone', 'Winston Spencer-Churchill', 'Neil Marten', 'Jim Callaghan', 'John Hunt', 'Thomas McMillan', 'Anthony Berry', 'Ernest Fernyhough', 'Cyril Smith', 'Nigel Fisher', 'John Stradling Thomas', 'Geoffrey Rippon', 'Alec Jones', 'Thomas Swain', 'Ronald Bell', 'Myer Galpern', 'Peter Temple-Morris, Baron Temple-Morris', 'Russell Johnston', 'Donald Kaberry, Baron Kaberry of Adel', 'John Davies', 'Jack Dunnett', 'Stanley Orme, Baron Orme', 'Alexander MacPherson Fletcher', 'Jasper More', 'Frank Allaun', 'Bruce Douglas-Mann', 'Guy Barnett', 'Jo Richardson', 'Walter Harrison', 'Bruce Grocott, Baron Grocott', 'Sir George Young', 'James Johnson', 'Arthur Blenkinsop', 'Peter Michael Kirk', 'Tony Benn', 'Mark Carlisle', 'James Dunn', 'Ioan Evans', 'Eric Ogden', 'Roy Hughes, Baron Islwyn', 'Brian Sedgemore', 'Mark Hughes', 'Bob Cryer', 'Ted Rowlands, Baron Rowlands', 'Peter Fry', 'James Tinn', 'James Spicer', 'Frederick Burden', 'Dennis Skinner', 'George Strauss', 'Michael English', 'Oscar Murton, Baron Murton of Lindisfarne', 'Angus Maude', 'Gavin Strang', 'Robert Hughes, Baron Hughes of Woodside', 'Sydney Irving', 'Peter Rees, Baron Rees', 'John Fraser', 'Frank Judd, Baron Judd', 'Ian Gow', 'John Page', 'Daniel Awdry', 'Eric Deakins', 'Fred Silvester', 'Kenneth Lewis', 'Ian Paisley', 'Gwilym Roberts', 'Donald Anderson, Baron Anderson of Swansea', 'Paul Hawkins', 'Roland Moyle', 'Albert Roberts', 'Audrey Wise', 'Robert Kilroy-Silk', 'Kenneth Clarke', 'Sir John Rodgers, 1st Baronet', 'Michael Alison', 'Harry Gourlay', 'Michael Meacher', 'Jack Dormand', 'Anthony Crosland', 'Arthur Irvine', 'Maurice Edelman', 'Esmond Bulmer', 'John Farr', 'Edward Heath', 'Jo Grimond', 'Eldon Griffiths', 'Michael McGuire', 'Edward Gardner', 'Dennis Walters', 'George Thomas, 1st Viscount Tonypandy', 'Walter Padley', 'Michael Morris, Baron Naseby', 'John Hannam', 'Julian Ridsdale', 'John Tomlinson, Baron Tomlinson', 'Geoffrey Howe', 'Neil Carmichael, Baron Carmichael of Kelvingrove', 'Neville Sandelson', 'Norman St John-Stevas, Baron St John of Fawsley', 'John Hall', 'Sally Oppenheim-Barnes, Baroness Oppenheim-Barnes', 'Patrick Jenkin', 'Anthony Nelson', 'Edmund Marshall', 'William Rodgers', 'Fred Mulley', 'Ben Ford', 'Jonathan Aitken', 'Ivan Lawrence', 'Ronald Lewis', 'Geoffrey Finsberg', 'Giles Radice, Baron Radice', 'Charles Morrison', 'John MacGregor, Baron MacGregor of Pulham Market', 'Eric Varley', 'Phillip Whitehead', 'Maurice Orbach', 'George Reid', 'Margaret Thatcher', 'Bonner Pink', 'Tom Cox', 'Ernest Armstrong', 'James Prior, Baron Prior', 'David Lambie', 'John Wells', 'Cranley Onslow', 'Judith Hart', 'David Young', 'Ted Leadbitter', 'Evelyn King', 'David Mitchell', 'Robert Edwards', 'Tony Durant', 'Joe Ashton', 'James Kilfedder', 'Anthony Fell', 'Edmund Dell', 'Edward Bishop, Baron Bishopston', 'Ian Stewart, Baron Stewartby', 'Colin Shepherd', 'Alan Williams', 'Stephen Hastings', 'Patrick Duffy', 'Tim Renton, Baron Renton of Mount Harry', 'Gerald Kaufman', 'Nicholas Edwards, Baron Crickhowell', 'Leslie Spriggs', 'John Evans, Baron Evans of Parkside', 'Marcus Lipton', 'Hugh Delargy', 'Peter Snape, Baron Snape', 'Harwood Harrison', 'Joyce Butler', 'Richard Crawshaw', 'Patrick Wall', 'Robert Maclennan, Baron Maclennan of Rogart', 'Tom Arnold', 'Sir John Gilmour, 3rd Baronet', 'Robert McCrindle', 'Harold Lever, Baron Lever of Manchester', 'Hugh Fraser', 'Frederick Willey', 'Peter Tapsell', 'William Benyon', 'Trevor Skeet', 'Edward Loyden', 'Roy Hattersley', 'Edward Brown', 'Cecil Parkinson', 'Bryan Magee', 'Alfred Hall-Davis', 'Godman Irvine', 'Joseph Godber', 'Paul Dean, Baron Dean of Harptree', 'Donald Coleman', 'Reginald Bennett', 'Robin Cook', 'John Cordle', 'Jeremy Thorpe', 'Don Concannon', 'Wyn Roberts, Baron Roberts of Conwy', 'Robert Brown', 'John Pardoe', 'Nicholas Scott', 'Maurice Macmillan', 'Charles Fletcher-Cooke', 'Richard Luce, Baron Luce', 'Michael Heseltine', 'Philip Goodhart', 'Barney Hayhoe, Baron Hayhoe', 'John Golding', 'Jim Marshall', 'John Heydon Stokes', 'Jerry Wiggin', 'Robert Carr', 'James Boyden', 'Christopher Tugendhat, Baron Tugendhat', 'John Mackintosh', 'Ralph Howell', 'David Owen', 'Giles Shaw', 'Thomas Urwin', 'Marcus Fox', 'William Wilson', 'Michael Shaw', 'Tam Galbraith', 'John Stanley', 'Eric Moonman', 'Jack Ashley, Baron Ashley of Stoke', 'Robert Hicks', ""Michael O'Halloran"", 'Victor Goodhew', 'John Loveridge', 'Dennis Canavan', 'Peter Walker, Baron Walker of Worcester', 'Willie Hamilton', 'David Renton, Baron Renton', 'Robert Sheldon, Baron Sheldon', 'Reg Freeson', 'Timothy Raison', 'John Peyton, Baron Peyton of Yeovil', 'Gerard Folliott Vaughan', 'Julian Amery, Baron Amery of Lustleigh', ""Brian O'Malley"", 'David Price', 'Arthur Lewis', 'Peter Hordern', 'John Robertson', 'William Ross', 'Max Madden', 'Marcus Kimball, Baron Kimball', 'Michael Hamilton', 'Nigel Lawson', 'Jill Knight', 'Edward Graham, Baron Graham of Edmonton', 'Keith Hampson', 'Robert Adley', 'Derek Walker-Smith, Baron Broxbourne', 'Harold Wilson', 'George Gardiner', 'Brandon Rhys-Williams', 'Peter Doig', 'John Silkin', 'Kevin McNamara', 'Kenneth Marks', 'Hugh Jenkins, Baron Jenkins of Putney', 'Richard Wood, Baron Holderness', 'Frank Tomney', 'Alex Lyon', 'Jeffrey Thomas', 'Robert Parry', 'Winnie Ewing', 'Raymond Gower', 'Lynda, Baroness Chalker of Wallasey', 'Michael Mates', 'Bernard Braine', 'Bob Mellish, Baron Mellish', 'John Osborn', 'Albert Booth', 'Morgan Morgan-Giles', 'Thomas Williams', 'Jim Lester', 'Enoch Powell', 'Alan Fitch', 'Eric Heffer', 'Harold McCusker', 'James Lamond', 'John Grant', 'Peter Thomas, Baron Thomas of Gwydir', 'David Ennals, Baron Ennals', 'Ann Taylor, Baroness Taylor of Bolton', 'Michael Cocks', 'Michael Havers, Baron Havers', 'Betty Boothroyd', 'Tony Newton, Baron Newton of Braintree', 'Graham Page', 'Petre Crowder', 'Norman Lamont', 'Syd Bidwell', 'John Parker', 'Anthony Steen', 'Michael Marshall', 'Doug Hoyle, Baron Hoyle', 'Robert Banks', 'John Biffen', 'Betty Harvie Anderson', 'Arthur Davidson', 'Geoffrey Pattie', 'Renee Short', 'James Dempsey', 'John Garrett', 'Lena Jeger, Baroness Jeger', 'Fred Peart, Baron Peart', 'Fergus Montgomery', 'Peter Blaker, Baron Blaker', 'Anthony Royle, Baron Fanshawe of Richmond', 'Tom King, Baron King of Bridgwater', 'Stanley Clinton Davis, Baron Clinton-Davis', 'David Walder', 'Francis Pym, Baron Pym', 'Paul Rose', 'Charles Morris', 'David Steel', 'Alick Buchanan-Smith', 'Cledwyn Hughes, Baron Cledwyn of Penrhos', 'David Marquand', 'Reg Prentice, Baron Prentice', 'Peter Rost', 'Christopher Price', 'Kenneth Baker, Baron Baker of Dorking', 'Lewis Carter-Jones', 'Jack Cunningham, Baron Cunningham of Felling', 'Ian Mikardo', 'Peter Viggers', 'Bernard Weatherill', 'Willie Ross, Baron Ross of Marnock', 'William Molloy, Baron Molloy', 'James Douglas-Hamilton, Baron Selkirk of Douglas', 'Alan Glyn', 'Norman Buchan', 'Arthur Palmer', 'Roy Mason', 'Dickson Mabon', 'Roger Moate', 'Tom Ellis', 'Michael Neubert', 'Barry Jones, Baron Jones', 'Ian Wrigglesworth', 'Barbara Castle, Baroness Castle of Blackburn', 'Harold Walker, Baron Walker of Doncaster', 'Clement Freud', 'Joseph Harper', 'John Wakeham, Baron Wakeham', 'Tom Normanton', 'William Small', 'Peter Mills', 'Humphrey Atkins', 'William Hamling', 'Julian Critchley', 'John Forrester', 'Gwynfor Evans', 'Julius Silverman', 'George Cunningham', 'Norman Fowler', 'Roderick MacFarquhar', 'Arthur Jones', 'Tom Bradley', 'Peter Morrison', 'Reginald Eyre', 'Geraint Howells', 'Kenneth Warren', 'John Moore, Baron Moore of Lower Marsh', 'Michael Foot', 'Selwyn Lloyd', 'Denis Howell, Baron Howell', 'Gordon Bagier', 'Hélène Hayman', 'Michael Shersby', 'Hector Monro, Baron Monro of Langholm', 'Alfred Evans', 'Margaret Ewing', 'Ted Garrett', 'Ian Campbell', 'Donald Stewart', 'Arnold Shaw', 'Richard Body', 'James Molyneaux, Baron Molyneaux of Killead', 'Geraint Morgan', 'Michael Clark Hutchison', 'Edward du Cann', 'Nigel Spearing', 'Evan Luard', 'Sir Anthony Meyer, 3rd Baronet', 'William van Straubenzee', 'Edward Lyons', 'David Knox', 'Ifor Davies', 'Shirley Williams', 'Roy Jenkins', 'Adam Hunter', 'John Nott', 'John Spence', 'Nicholas Ridley, Baron Ridley of Liddesdale', 'Dan Jones', 'Jeremy Bray', 'Reginald Maudling', 'Jeff Rooker, Baron Rooker', 'Airey Neave', 'Alfred Broughton', 'Ronald King Murray, Lord Murray', 'Michael Grylls', 'Arthur Bottomley', 'Michael McNair-Wilson', 'Dafydd Elis-Thomas', 'Patrick Mayhew, Baron Mayhew of Twysden', 'Denzil Davies', 'Patrick McNair-Wilson', 'Michael Spicer, Baron Spicer', 'Geoffrey de Freitas', 'Nicholas Fairbairn', 'Tam Dalyell', 'Roger Sims', 'Bryan Gould', 'Iain Sproat', 'Gwyneth Dunwoody', 'Hugh Brown', 'Ian Gilmour, Baron Gilmour of Craigmillar', 'Toby Jessel', 'Dafydd Wigley', 'Denis Healey', 'David Lane', 'Bruce George', 'Bill Shelton', 'Peter Emery', 'Harold Boardman', 'John Cope, Baron Cope of Berkeley', 'Hugh Rossi', 'Stan Newens', 'Emlyn Hooson, Baron Hooson', 'Ernest Perry', 'Andrew Faulds', 'Dudley Smith', 'Hamish Watt', 'John Corrie', 'Kenneth Lomas', 'Robin Corbett, Baron Corbett of Castle Vale', 'Tim Rathbone', 'John Langford-Holt', 'Carol Mather', 'Douglas Hurd', 'George Sinclair', 'Timothy Kitson', 'Albert Costain', 'Martin Flannery', 'Gerry Fitt', 'Alec Woodall', 'Robin Maxwell-Hyslop', 'Russell Kerr', 'George Grant', 'John Morris, Baron Morris of Aberavon', 'David Ginsburg', 'Richard Kelley', 'Brynmor John', 'Peter Archer, Baron Archer of Sandwell', 'Walter Clegg', 'John Michael Gorst', 'Cyril Townsend', 'Alan Beith', 'Ray Mawby', 'Richard Wainwright', 'Teddy Taylor', 'Maurice Miller', 'Edward Fletcher', 'Hugh McCartney', 'John Prescott', 'Raphael Tuck', 'David Howell, Baron Howell of Guildford', 'Gordon Wilson', 'Greville Janner, Baron Janner of Braunstone', 'David Mudd', 'Hamish Gray, Baron Gray of Contin', 'Thomas Torney', 'William Craig', 'Bryan Davies, Baron Davies of Oldham', 'Neville Trotter', 'John Desmond Cronin', 'Paul Bryan', 'Simon Mahon', 'Tom Pendry, Baron Pendry', 'John Biggs-Davison', 'Tim Sainsbury', 'James Wellbeloved', 'Frederic Bennett', 'Neil Kinnock', 'Joel Barnett, Baron Barnett', 'Arthur Latham']"
160,"Rudolf Ganahl', 'Johann Georg Waibel', 'Karl Drexel', 'Martin Thurnher', 'Joseph Samuel Bloch', 'Gustav Schreiner', 'Ferdinand Kinz', 'Franz Loser', 'Johann Kohler', 'Andreas Fetz', 'Bohumír Šmeral","['Franz Loser', 'Martin Thurnher', 'Gustav Schreiner', 'Ferdinand Kinz', 'Bohumír Šmeral']"
180,"José Utrera Molina', 'Juan Antonio Samaranch', 'Blas Tello', 'Ángel González Álvarez', 'José Finat y Escrivá de Romaní', 'Blas Piñar', 'Gabriel Cisneros', 'José Martínez Emperador', 'José Clua Queixalós', 'Pilar Primo de Rivera', 'Torcuato Luca de Tena', 'Carlos Asensio Cabanillas', 'Francisco Labadie Otermin', 'Adolfo Suárez', 'Antonio Barroso y Sánchez-Guerra', 'Santiago de Cruïlles de Peratallada Bosch', 'Manuel Díez-Alegría', 'Jesús Esperabé de Arteaga González', 'Euloxio Gómez Franqueira', 'José Luis de Arrese', 'Leopoldo Calvo-Sotelo', 'Eduardo Navarro Álvarez","['Ángel González Álvarez', 'José Martínez Emperador', 'Euloxio Gómez Franqueira', 'Francisco Labadie Otermin', 'Manuel Díez-Alegría', 'Juan Antonio Samaranch', 'Alfonso Pérez Viñeta', 'Adolfo Suárez', 'Leopoldo Calvo-Sotelo', 'Santiago de Cruïlles de Peratallada Bosch', 'José Luis de Arrese', 'Jesús Esperabé de Arteaga González', 'Gabriel Cisneros', 'Blas Tello', 'Antonio Barroso y Sánchez-Guerra', 'Eduardo Navarro Álvarez', 'José Finat y Escrivá de Romaní', 'Torcuato Luca de Tena', 'Rodolfo Martín Villa', 'José Clua Queixalós', 'Blas Piñar', 'Pilar Primo de Rivera', 'José Utrera Molina']"
200,Ferdinand Buisson,"['François Coppée', 'Georges Bonnefoy-Sibour', 'Alfred de Meaux', 'Jules Lemaître', 'Camille Dunant', 'Ferdinand Buisson']"
220,Jenny Strauss Clay,"['Jenny Strauss Clay', 'Eleanor Winsor Leach']"
240,Douglas Hurd,['Douglas Hurd']
260,Abstain,"['Clara Ponsatí i Obiols', 'Alba Vergés i Bosch', 'Marta Rovira i Vergés', 'Meritxell Serret', 'Carme Forcadell', 'Dolors Bassa', 'Magda Casamitjana i Aguilà', 'David Rodríguez González', 'Joaquim Forn', 'Fernando Tomás de Páramo Gómez', 'Lluís Puig i Gordi', 'Xavier Domènech Sampere']"
280,Zelman Cowen,['Zelman Cowen']
300,"Doug Collins', 'Stacey Abrams","['Buddy Carter', 'Tom Graves', 'Austin Scott', 'Barry Loudermilk']"
320,Charles I of England,['Charles I of England']
340,"Karen Sinclair', 'Ann Jones', 'Alun Cairns', 'Peter Law', 'John Marek', 'Elin Jones', 'Leighton Andrews', 'Nick Bourne', 'Glyn Davies', 'David Davies', 'Kirsty Williams', 'Lorraine Barrett', 'Carl Sargeant', 'Ron Davies', 'Mike German, Baron German', 'Rhodri Morgan', 'Edwina Hart', 'Ieuan Wyn Jones', 'Christine Chapman', 'Jane Hutt', 'Jenny Randerson', 'Huw Lewis', 'Dafydd Elis-Thomas', 'Carwyn Jones', 'Lynne Neagle', 'John Griffiths","['Jenny Randerson', 'Peter Law', 'John Marek', 'Ieuan Wyn Jones', 'Karen Sinclair', 'Lynne Neagle', 'Carl Sargeant', 'Nick Bourne', 'Jane Hutt', 'Kirsty Williams', 'David Davies', 'Alun Cairns', 'Leighton Andrews', 'Ann Jones', 'Rhodri Morgan', 'John Griffiths', 'Carwyn Jones', 'Lorraine Barrett', 'Mike German, Baron German', 'Glyn Davies', 'Dafydd Elis-Thomas', 'Ron Davies', 'Elin Jones', 'Christine Chapman', 'Edwina Hart', 'Huw Lewis']"
360,Denis Feeney,"['Denis Feeney', 'Jeffrey Henderson']"
380,Pedro Aguirre Cerda,['Pierre Marraud']
400,John Russell Young,['John Russell Young']
420,François de La Rochefoucauld,['François de La Rochefoucauld']
440,Susan Davis,"['Robert-Henri Bautier', 'Michel Mercier', 'Alain Dumait', 'Pierre Bérégovoy', 'Paul Guichonnet', 'Hervé Coutau-Bégarie', 'Claude Fuzier', 'Jean Mesnard', 'John R. Saul', 'Grzegorz Rozenberg', 'Jean Lassalle', 'Monique Adolphe', 'Jean Favier', 'Giovanni Nencioni', 'Yves-Marie Bercé', 'François Chamoux', 'Jean Ferrat', 'Jacques-Louis Lions', 'Marc Augé', 'Jean Dutourd', 'Robert Badinter', 'Ivar Ekeland', 'Carlos Ferrer Salat', 'Jacques Boyon', 'René Rémond', 'Jean Haritschelhar', 'Yves Pouliquen', 'Alain Decaux', 'Gilbert Baumet', 'Ahmed Osman', 'Michel Germa', 'Jean Irigoin', 'Gabriel de Broglie', 'Claude Cheysson', 'Hervé Bazin', 'Marie-Claude Vaillant-Couturier']"
460,Seán T. O'Kelly,"[""Seán T. O'Kelly""]"
480,Poul Hansen,['Poul Hansen']
500,Hasse Ekman,['Hasse Ekman']
520,Arthur Balfour,['Arthur Balfour']
540,Spessard Lindsey Holland,['Spessard Lindsey Holland']
560,Franz Josef Strauß,['Johannes Rau']
580,Igor of Kiev,['Igor of Kiev']
600,Bologna F.C. 1909,['Bologna F.C. 1909']
620,Theodosis Pelegrinis,"['Vadim Yakovlev', 'Michal Stehlík', 'Theodosis Pelegrinis', 'Giovanni Claudio Bottini', 'Jiří Zlatuška']"
640,Jean Bastide,"['Henri Fréville', 'Raymond Marcellin', 'Jean Bastide', 'Édouard Le Jeune', 'Jean Poudevigne', 'Georges Hage', 'Jean Cluzel', 'Victor Dupouy', 'André Colin', 'Jean Puech', 'Philippe Madrelle', 'Paul Béchard', 'Robert Gourdon', 'Auguste Le Coënt', 'François Duval', 'Henri Darras', 'Jacques Boyon', 'Hervé Laudrin', 'Georges Lombard', 'Michel Germa', 'Yves Le Foll', 'Claude Belot', 'Joseph Yvon', 'André Bettencourt', 'Tony Bertrand', 'Émile Jourdan', 'Jean Turc', 'Jules Roujon', 'Yves Estève', 'Henri Elby', 'Yves du Halgouët', 'Yves Le Cabellec', 'Frédéric Bourguet', 'Félix Leyzour']"
660,Abstain,['Jacques Rivière']
680,University of North Carolina at Greensboro,['University of North Carolina at Greensboro']
700,Joan Kirner,['Joan Kirner']
720,Wolverhampton Wanderers F.C.,['Wolverhampton Wanderers F.C.']
740,Sheffield United F.C.,['Everton F.C.']
760,"Najat Vallaud-Belkacem', 'François Delapierre","['Najat Vallaud-Belkacem', 'Steeve Briois', 'Pierre Cardo', 'Henry de Lesquen', 'Didier Droart']"
780,Adolf Heusinger,['Adolf Heusinger']
800,Lorin Stein,"['Yury Dud', 'Lorin Stein', 'Inder Verma', 'Mikael Pentikäinen']"
820,Anke Martiny,"['Jutta Limbach', 'Anke Martiny']"
840,"West Ham United F.C.', 'Leeds United F.C.",['West Ham United F.C.']
860,"Lord George Gordon-Lennox', 'William Hodgson Barrow', 'Frederick Hervey, 3rd Marquess of Bristol', 'Robert Stephenson', 'Thomas Bayley Potter', ""Thomas O'Hagan, 1st Baron O'Hagan"", ""Charles Owen O'Conor"", 'Lord James Stuart', 'John Benjamin Smith', 'William Amherst, 3rd Earl Amherst', 'Frederick Dundas', 'William Edgcumbe, 4th Earl of Mount Edgcumbe', 'George Hussey Packe', 'Sir Harry Verney, 2nd Baronet', 'Frederick Leveson-Gower', 'Samuel Trehawke Kekewich', 'Henry Douglas-Scott-Montagu, 1st Baron Montagu of Beaulieu', 'William Cowper-Temple, 1st Baron Mount Temple', 'William Somerville, 1st Baron Athlumney', 'Charles Buxton', 'Thomas Salt', 'William Cubitt', 'Sir John Shelley, 7th Baronet', 'Sir William Payne-Gallwey, 2nd Baronet', 'Robert Windsor-Clive', 'Sir James Graham, 2nd Baronet', 'Thomas Gibson', 'Richard Brinsley Sheridan', 'Thomas Baring', 'Martin Tucker Smith', 'Valentine Browne, 4th Earl of Kenmare', 'Percy Burrell', 'Granville Proby, 4th Earl of Carysfort', 'Sir William Scott, 6th Baronet', 'Robert Myddelton Biddulph', 'Joseph Paxton', 'Samuel Whitbread', 'Somerset Beaumont', 'William Jolliffe, 1st Baron Hylton', 'George Bentinck', 'Charles Howard', 'Sir Thomas Bazley, 1st Baronet', 'John Cobbold', 'Frederick North', 'Lord Henry Thynne', 'Frederick Tollemache', 'Sir William Fraser, 4th Baronet', 'Michael Thomas Bass', 'William McClintock-Bunbury', 'Edward Egerton', 'Lord Alfred Hervey', 'Robert Collier, 1st Baron Monkswell', 'Augustus Anson', 'John Locke', 'John Hope-Johnstone', 'William Alexander Mackinnon', 'Hugh Cairns, 1st Earl Cairns', 'Algernon Egerton', 'Sir Gilbert Greenall, 1st Baronet', 'Edward Ellice', 'Charles Hanbury-Tracy, 4th Baron Sudeley', 'Henry Danby Seymour', 'Henry Vivian, 1st Baron Swansea', 'William Cavendish, 2nd Baron Chesham', 'Anthony Lefroy', 'Francis Henry FitzHardinge Berkeley', 'Edward Pleydell-Bouverie', 'George Windsor-Clive', ""Daniel O'Connell"", 'Sir George Grey, 2nd Baronet', 'John Maguire', 'Samuel Waterhouse', 'Sir Charles Forster, 1st Baronet', 'William Bromley-Davenport', 'William Atherton', 'George Hammond Whalley', 'Sir Francis Powell, 1st Baronet', 'Sir John Scourfield, 1st Baronet', 'Frederick Lygon, 6th Earl Beauchamp', 'Thomas Slingsby Duncombe', 'Mervyn Edward Archdale', 'Sir Frederick Williams, 2nd Baronet', 'Peter John Locke King', 'Godfrey Morgan, 1st Viscount Tredegar', 'John Walsh, 1st Baron Ormathwaite', 'Lord Alfred Paget', 'James Moncreiff, 1st Baron Moncreiff', 'David Morris', 'Samuel George Smith', 'Sir William Russell, 2nd Baronet', 'Isaac Butt', 'Sir John Mowbray, 1st Baronet', 'Michael Hicks Beach, 1st Earl St Aldwyn', 'Richard Spooner', 'Herbert Williams-Wynn', 'John Ormsby-Gore, 1st Baron Harlech', 'Edward Stanley, 15th Earl of Derby', 'Walter Long', 'Charles Napier', 'John Malcolm, 1st Baron Malcolm', 'James Crichton-Stuart', 'Sir Robert Harvey, 1st Baronet, of Langley Park', 'John Manners, 7th Duke of Rutland', 'Sir Philip Grey Egerton, 10th Baronet', ""Richard More O'Ferrall"", 'Evelyn Shirley', 'Sir Wilfrid Lawson, 2nd Baronet', 'William Bovill', 'Eliot Yorke', 'Frederick Lygon, 6th Earl Beauchamp', 'Alfred Seymour', 'Edward Fellowes, 1st Baron de Ramsey', 'Spencer Cavendish, 8th Duke of Devonshire', 'Poulett Somerset', 'Henry Munro-Butler-Johnstone', 'Thomas William Bramston', 'George Hamilton-Gordon, 5th Earl of Aberdeen', 'Thomas Taylour, 3rd Marquess of Headfort', 'Charles Seely', 'Charles Adderley, 1st Baron Norton', 'Francis Pigott Stainsby Conant', 'Henry Labouchere, 1st Baron Taunton', 'De Lacy Evans', 'Sir William Hayter, 1st Baronet', 'William Edward Baxter', 'George Clive', 'Thomas Lloyd-Mostyn', 'William Nathaniel Massey', 'Sir Robert Gore-Booth, 4th Baronet', ""Edward O'Neill, 2nd Baron O'Neill"", 'Gilbert Heathcote-Drummond-Willoughby, 1st Earl of Ancaster', 'Sir Thomas Bernard, 6th Baronet', 'Hugh Annesley, 5th Earl Annesley', 'Edward Douglas-Pennant, 1st Baron Penrhyn', 'George Monckton-Arundell, 6th Viscount Galway', 'Sir William Miles, 1st Baronet', 'Beaumont Hotham, 3rd Baron Hotham', 'George Harcourt', 'Charles Powell Leslie', 'John Henry Gurney Sr.', 'William Hutt', 'David Dundas', 'William Deedes', 'Edmond Roche, 1st Baron Fermoy', 'Sir Montague Cholmeley, 2nd Baronet', 'Sir Edward Dering, 8th Baronet', ""Sir Patrick O'Brien, 2nd Baronet"", 'Thomas Sotheron-Estcourt', 'George Goschen, 1st Viscount Goschen', 'Robert Aglionby Slaney', 'Robert Ingham', 'Francis Plunkett Dunne', 'Alexander Baillie-Cochrane, 1st Baron Lamington', 'Austen Henry Layard', 'Matthew Corbally', 'William Taylor Copeland', 'Robert Kingscote', 'Ralph Bernal Osborne', 'Henry Bruce, 1st Baron Aberdare', 'George Repton', 'Henry Lowther, 3rd Earl of Lonsdale', 'Robert Duncombe Shafto', 'George Legh', 'Edward Bulwer-Lytton', 'Sir Charles Burrell, 3rd Baronet', 'Sir Henry Ferguson Davie, 1st Baronet', 'Henry Brand, 1st Viscount Hampden', 'Sir James East, 2nd Baronet', 'William Ormsby-Gore, 2nd Baron Harlech', 'John St Aubyn, 1st Baron St Levan', 'Sir Edmund Lacon, 3rd Baronet', 'John George Dodson, 1st Baron Monk Bretton', 'Henry Sturt, 1st Baron Alington', 'William Montagu Douglas Scott, 6th Duke of Buccleuch', 'Sir Henry Bruce, 3rd Baronet', 'Sir John Dalrymple-Hay, 3rd Baronet', 'Sir Alexander Matheson, 1st Baronet', 'Joseph Hardcastle', 'Henry Wyndham, 2nd Baron Leconfield', 'John Hubbard, 1st Baron Addington', 'John Yorke', 'Sir Richard Gilpin, 1st Baronet', 'John Bright', 'John Pritchard', 'Fulke Greville-Nugent, 1st Baron Greville', 'James Wentworth Buller', 'George Sutherland-Leveson-Gower, 3rd Duke of Sutherland', 'Sir Richard Williams-Bulkeley, 10th Baronet', 'David Pugh', 'Gerard Noel', 'Thomas Peers Williams', 'Caledon Du Pré', 'George Moffatt', 'Sir John Ramsden, 5th Baronet', 'Richard Bourke, 6th Earl of Mayo', 'Charles Wynne', 'Wenman Coke', 'William Pinney', 'William Patrick Adam', 'Robert Wigram Crawford', 'William Keppel, 7th Earl of Albemarle', 'Edward Craufurd', 'Charles Gordon-Lennox, 6th Duke of Richmond', 'Sir Edward Kerrison, 2nd Baronet', 'Hugh Adair', 'Sir Edward Colebrooke, 4th Baronet', 'David Jones', 'William Scholefield', 'John Tollemache, 1st Baron Tollemache', 'William Ewart', 'Edward Horsman', 'Sidney Herbert, 1st Baron Herbert of Lea', 'J. T. Hibbert', 'Jonathan Peel', 'Henry Lowry-Corry', 'Francis Goldsmid', 'George Stanhope, 7th Earl of Chesterfield', 'Sir Robert Anstruther, 5th Baronet', 'John Pakington, 1st Baron Hampton', 'Charles Cumming-Bruce', 'William Tite', 'James Alexander Lindsay', 'Richard Penruddocke Long', 'Henry White, 1st Baron Annaly', 'Chichester Parkinson-Fortescue, 1st Baron Carlingford', 'Robert Gascoyne-Cecil, 3rd Marquess of Salisbury', 'Robert Duff', 'Acton Smee Ayrton', 'Sir William Bagge, 1st Baronet', 'Thomas Edward Taylor', 'Percy Herbert', 'Samuel Martin', 'Guildford Onslow', 'Henry Portman, 2nd Viscount Portman', 'Henry Brinsley Sheridan', 'Sir Watkin Williams-Wynn, 6th Baronet', 'Hedworth Jolliffe, 2nd Baron Hylton', 'Sir Edmund Antrobus, 3rd Baronet', 'James Haughton Langston', 'Henry Bingham Baring', 'Edward Ellice', 'Charles Du Cane', 'Sir William Heathcote, 5th Baronet', 'Thomas Erskine Perry', 'John Arthur Roebuck', 'Sir Thomas Winnington, 4th Baronet', 'Francis Russell, 9th Duke of Bedford', 'Sir William Verner, 1st Baronet', 'Marmaduke Wyvill', 'Edward Verner', 'Richard Bethell, 1st Baron Westbury', 'Sir George Bowyer, 7th Baronet', 'William Cogan', 'John Brocklehurst', 'Rainald Knightley, 1st Baron Knightley', 'George Glyn, 2nd Baron Wolverton', 'Sydney Pierrepont, 3rd Earl Manvers', 'Henry Fitzroy', 'Henry Cole', 'Townshend Mainwaring', 'Charles Packe', 'John Trollope, 1st Baron Kesteven', 'George Byng, 3rd Earl of Strafford', 'Lord George Cavendish', 'Octavius Morgan', 'Henry Lowther', 'John Pope Hennessy', 'Lord Arthur Russell', 'Joseph Locke', 'James Wilson', 'Edward Fitzalan-Howard, 1st Baron Howard of Glossop', 'Christopher William Codrington', 'Samuel Gregson', 'Sir George Brooke-Pechell, 4th Baronet', 'Hugh Arbuthnot', 'Charles Gilpin', 'Alexander Baring, 4th Baron Ashburton', 'James Milnes Gaskell', 'John Erle-Drax', 'William Monsell, 1st Baron Emly', 'Arthur William Buller', 'Spencer Horatio Walpole', 'Lord Claud Hamilton', 'Charles Wood, 1st Viscount Halifax', 'John Floyer', 'James Caird', 'William Vesey-FitzGerald', 'Ashley Ponsonby', 'George Ward Hunt', 'Henry Robertson', 'John Alexander Kinglake', 'Francis Charteris, 10th Earl of Wemyss', 'Henry Wyndham', 'John Bonham-Carter', 'William Williams', 'William Gore-Langton', 'Hugh Childers', 'John North', 'Lawrence Palk, 1st Baron Haldon', 'Henry Arthur Herbert', 'Abel Smith', 'Edward Watkin', 'George Shaw-Lefevre, 1st Baron Eversley', 'Percy Herbert', 'William Owen Stanley', 'Sir James Duke, 1st Baronet', 'Adam Black', 'Mayer Amschel de Rothschild', 'Ion Hamilton, 1st Baron HolmPatrick', 'John Abel Smith', 'Thomas Emerson Headlam', 'John Campbell, 2nd Earl Cawdor', 'Henry John Leeke', 'John Russell, 1st Earl Russell', 'Charles Newdigate Newdegate', 'Francis Berkeley, 2nd Baron FitzHardinge', 'John Walter', 'Benjamin Disraeli', 'Sir William Evans, 1st Baronet', 'Sir George Dashwood, 5th Baronet', 'Philip Lybbe Powys Lybbe', 'John Arthur Wynne', 'J. W. Henley', 'George Weld-Forester, 3rd Baron Forester', 'George Sclater-Booth, 1st Baron Basing', 'Sir Henry Edwards, 1st Baronet', 'Sir William Jackson, 1st Baronet', 'Sir Robert Clifton, 9th Baronet', 'Thomas Bateson, 1st Baron Deramore', 'Sir Michael Shaw-Stewart, 7th Baronet', 'Beriah Botfield', 'David Salomons', 'William Edward Forster', 'William Ewart Gladstone', 'John Lewis Ricardo', 'Thomas Baring, 1st Earl of Northbrook', 'Joseph Christopher Ewart', 'Arthur Mills', 'Lord Montagu Graham', 'Leopold Agar-Ellis, 5th Viscount Clifden', 'Charles Williams-Wynn', 'Charles Chetwynd-Talbot, 19th Earl of Shrewsbury', 'Edwin James', 'William Beresford', 'Frederick Smith', 'Francis John Savile Foljambe', 'William Battie-Wrightson', 'Sir John Vanden-Bempde-Johnstone, 2nd Baronet', 'William Marshall', 'Charles Kemeys-Tynte', 'William Henry Sykes', 'Richard Monckton Milnes, 1st Baron Houghton', 'Thomas Matthias Weguelin', 'Sir William Stirling-Maxwell, 9th Baronet', 'Algernon Percy, 6th Duke of Northumberland', 'William Watkin Edward Wynne', 'Evelyn Denison, 1st Viscount Ossington', 'Henry Temple, 3rd Viscount Palmerston', 'Thomas Alexander Mitchell', 'William Wither Beach', 'John Gladstone', 'Gathorne Gathorne-Hardy, 1st Earl of Cranbrook', 'Sir George Cornewall Lewis, 2nd Baronet', 'Sir Massey Lopes, 3rd Baronet', 'Dudley Marjoribanks, 1st Baron Tweedmouth', 'Fitzroy Kelly', 'Lord George Manners', 'M. E. Grant Duff', 'Arthur William Buller', 'Percy Wyndham', 'Crawshay Bailey', 'Alexander William Kinglake', 'George Hay, Earl of Gifford', 'James Wyld', 'George Glyn, 1st Baron Wolverton', 'Arthur Kinnaird, 10th Lord Kinnaird', 'Sir Henry Willoughby, 3rd Baronet', 'Frederick Peel', 'Dudley Fortescue', 'Sir Thomas Dyke Acland, 11th Baronet', 'William Laslett', 'Sir John Esmonde, 10th Baronet', 'George Traill', 'Michael Seymour', 'Harry Powlett, 4th Duke of Cleveland', 'John Wilson-Patten, 1st Baron Winmarleigh', 'John Ivatt Briscoe', 'Samuel Morton Peto', 'Walter Morrison', 'William FitzRoy, 6th Duke of Grafton', 'George Julius Poulett Scrope', 'William Henry Gregory', 'Edwin Hill-Trevor, 1st Baron Trevor', 'Allen Bathurst, 6th Earl Bathurst', 'Edward Cardwell, 1st Viscount Cardwell', 'Lord Adolphus Vane-Tempest', 'George Tomline', 'John Bramley-Moore', 'Frederick Knight', 'Edward Divett', 'Charles Pelham Villiers', 'Stafford Northcote, 1st Earl of Iddesleigh', 'Clarence Paget', 'James Kershaw', 'Sir Graham Graham-Montgomery, 3rd Baronet', 'James Matheson', 'George Heneage', 'Charles Hepburn-Stuart-Forbes-Trefusis, 20th Baron Clinton', 'Sir John Hardy, 1st Baronet', 'Richard Cobden', 'Edward Knatchbull-Hugessen, 1st Baron Brabourne', 'James Hamilton, 2nd Duke of Abercorn', 'George Cavendish-Bentinck', 'Roundell Palmer, 1st Earl of Selborne', 'Christopher Rice Mansel Talbot', 'John Hanmer, 1st Baron Hanmer', 'Sir William Welby-Gregory, 4th Baronet', 'Edward Baines', 'Lionel de Rothschild', 'Sir John Owen, 1st Baronet', 'John Dent Dent', 'James Stansfeld', 'Fitzstephen French', 'John Hodgetts-Foley', 'Henry Whitmore', 'Hugh Grosvenor, 1st Duke of Westminster', 'Sir Hugh Owen Owen, 2nd Baronet', 'Philip Pleydell-Bouverie', 'George Denman', 'John Dalberg-Acton, 1st Baron Acton', 'Sir Robert Ferguson, 2nd Baronet', 'Robert Lowe', 'Sir Charles Clifford, 4th Baronet', 'Thomas Chandler Haliburton', 'George Cubitt, 1st Baron Ashcombe', 'Lord Augustus Hervey', 'Orlando Bridgeman, 3rd Earl of Bradford', 'John Pender', 'Ernest Brudenell-Bruce, 3rd Marquess of Ailesbury', 'Lewis Llewelyn Dillwyn', 'Lord Henry Lennox', 'Sir Edmund Samuel Hayes, 3rd Baronet', 'James Whiteside', 'William Cecil, 3rd Marquess of Exeter', 'David Pugh', 'John Henniker-Major, 4th Baron Henniker', 'Wentworth Beaumont, 1st Baron Allendale', 'Wilbraham Egerton, 1st Earl Egerton', 'Henry Jervis-White-Jervis', 'Henry Baillie', 'James Fergusson', 'Stephen Cave', 'James Clay', 'Sir Robert Peel, 3rd Baronet', 'Lord Robert Montagu', 'Sir Henry Rich, 1st Baronet', 'Sir Walter Barttelot, 1st Baronet', 'Richard Grosvenor, 1st Baron Stalbridge', 'Edward Stillingfleet Cayley', 'Francis Baring, 1st Baron Northbrook', 'William Johnson Fox', 'Philip Wykeham Martin', 'Sir Frederick Hervey-Bathurst, 4th Baronet', 'Henry Drummond', 'Arthur Duncombe', 'Richard Fellowes Benyon","['Samuel Trehawke Kekewich', 'Anthony Lefroy', 'William Tite', 'John Hanmer, 1st Baron Hanmer', ""Edward O'Neill, 2nd Baron O'Neill"", 'Charles Powell Leslie', 'J. W. Henley', 'John Pritchard', 'John Floyer', ""Richard More O'Ferrall"", 'Henry Bruce, 1st Baron Aberdare', 'Sir John Dalrymple-Hay, 3rd Baronet', 'Sir Robert Anstruther, 5th Baronet', 'Lord George Cavendish', 'James Wyld', 'John Tollemache, 1st Baron Tollemache', 'Mervyn Edward Archdale', 'William Edward Forster', 'Isaac Butt', 'Sir William Verner, 1st Baronet', 'Francis Charteris, 10th Earl of Wemyss', 'Henry Portman, 2nd Viscount Portman', 'John George Dodson, 1st Baron Monk Bretton', 'Thomas Sotheron-Estcourt', 'Lord Robert Montagu', 'Robert Wigram Crawford', 'Chichester Parkinson-Fortescue, 1st Baron Carlingford', 'William Watkin Edward Wynne', 'Walter Morrison', 'Charles Hanbury-Tracy, 4th Baron Sudeley', 'Henry Jervis-White-Jervis', 'William Scholefield', 'Sir James Duke, 1st Baronet', 'William Owen Stanley', 'Hugh Arbuthnot', 'Edward Fellowes, 1st Baron de Ramsey', 'George Repton', 'Sir Richard Williams-Bulkeley, 10th Baronet', 'Leopold Agar-Ellis, 5th Viscount Clifden', 'Jonathan Peel', 'William Jolliffe, 1st Baron Hylton', 'Stephen Cave', 'Allen Bathurst, 6th Earl Bathurst', 'James Wentworth Buller', 'Francis Baring, 1st Baron Northbrook', 'Lionel de Rothschild', 'Peter John Locke King', 'John Pakington, 1st Baron Hampton', 'George Byng, 3rd Earl of Strafford', 'Sir Henry Edwards, 1st Baronet', 'Francis Henry FitzHardinge Berkeley', 'James Milnes Gaskell', 'Henry Lowther, 3rd Earl of Lonsdale', 'Samuel Martin', 'Edward Fitzalan-Howard, 1st Baron Howard of Glossop', 'Sir Thomas Bazley, 1st Baronet', 'James Hamilton, 2nd Duke of Abercorn', 'William Henry Sykes', 'John Henniker-Major, 4th Baron Henniker', 'Thomas Bateson, 1st Baron Deramore', 'Lord Claud Hamilton', 'John Abel Smith', 'Thomas Peers Williams', 'Lord Augustus Hervey', 'Sir Montague Cholmeley, 2nd Baronet', 'Henry Baillie', 'George Glyn, 1st Baron Wolverton', 'Clarence Paget', 'Roundell Palmer, 1st Earl of Selborne', ""Thomas O'Hagan, 1st Baron O'Hagan"", 'Percy Burrell', 'Henry John Leeke', 'Charles Wood, 1st Viscount Halifax', 'Sir William Welby-Gregory, 4th Baronet', 'John Malcolm, 1st Baron Malcolm', 'James Caird', 'Charles Adderley, 1st Baron Norton', 'Sir Edward Colebrooke, 4th Baronet', 'Granville Proby, 4th Earl of Carysfort', 'John Brocklehurst', 'Octavius Morgan', 'Philip Lybbe Powys Lybbe', 'Ashley Ponsonby', 'Michael Thomas Bass', 'William Hutt', 'Alfred Seymour', 'William Marshall', 'Caledon Du Pré', 'J. T. Hibbert', 'Wentworth Beaumont, 1st Baron Allendale', 'John St Aubyn, 1st Baron St Levan', 'Sir William Bagge, 1st Baronet', 'Charles Kemeys-Tynte', 'Percy Wyndham', 'Arthur Mills', 'George Hussey Packe', 'John Wilson-Patten, 1st Baron Winmarleigh', 'William Cowper-Temple, 1st Baron Mount Temple', 'Philip Wykeham Martin', 'Frederick North', 'William Taylor Copeland', 'Sir George Bowyer, 7th Baronet', 'William Henry Gregory', 'John Dalberg-Acton, 1st Baron Acton', 'Frederick Lygon, 6th Earl Beauchamp', 'John Hope-Johnstone', 'Sir Frederick Hervey-Bathurst, 4th Baronet', 'Edward Stanley, 15th Earl of Derby', 'John Pope Hennessy', 'Spencer Horatio Walpole', 'Samuel George Smith', 'Sir Thomas Dyke Acland, 11th Baronet', 'M. E. Grant Duff', 'Ion Hamilton, 1st Baron HolmPatrick', 'Richard Fellowes Benyon', 'Marmaduke Wyvill', 'Evelyn Shirley', 'Henry Vivian, 1st Baron Swansea', 'Algernon Egerton', 'Robert Duncombe Shafto', 'Wenman Coke', 'John Erle-Drax', 'Austen Henry Layard', 'Gilbert Heathcote-Drummond-Willoughby, 1st Earl of Ancaster', 'Sir John Mowbray, 1st Baronet', 'Charles Du Cane', 'Edward Watkin', 'William Edward Baxter', 'Sir Robert Gore-Booth, 4th Baronet', 'Beaumont Hotham, 3rd Baron Hotham', 'Charles Howard', 'John Manners, 7th Duke of Rutland', 'George Windsor-Clive', 'John Cobbold', 'Matthew Corbally', 'George Traill', 'James Fergusson', 'Sir John Shelley, 7th Baronet', 'Lord Montagu Graham', 'Samuel Morton Peto', 'Mayer Amschel de Rothschild', 'Thomas Edward Taylor', 'Sir William Miles, 1st Baronet', 'George Denman', 'Hugh Grosvenor, 1st Duke of Westminster', 'William Keppel, 7th Earl of Albemarle', 'Acton Smee Ayrton', 'Edward Douglas-Pennant, 1st Baron Penrhyn', 'Samuel Whitbread', 'George Bentinck', 'Edmond Roche, 1st Baron Fermoy', 'Charles Pelham Villiers', 'Edward Verner', 'George Monckton-Arundell, 6th Viscount Galway', 'Henry Sturt, 1st Baron Alington', 'Fitzstephen French', 'Abel Smith', 'David Jones', 'John North', 'Charles Newdigate Newdegate', 'Charles Buxton', 'James Whiteside', 'Sir Massey Lopes, 3rd Baronet', 'George Cubitt, 1st Baron Ashcombe', 'Francis John Savile Foljambe', 'Sir Alexander Matheson, 1st Baronet', 'Walter Long', 'Charles Hepburn-Stuart-Forbes-Trefusis, 20th Baron Clinton', 'Sir Henry Ferguson Davie, 1st Baronet', 'William Alexander Mackinnon', 'John Walter', 'William Vesey-FitzGerald', 'Sir George Grey, 2nd Baronet', 'Christopher Rice Mansel Talbot', 'George Goschen, 1st Viscount Goschen', 'Robert Collier, 1st Baron Monkswell', ""Charles Owen O'Conor"", 'Thomas Baring, 1st Earl of Northbrook', 'Dudley Marjoribanks, 1st Baron Tweedmouth', 'Gerard Noel', 'Thomas Taylour, 3rd Marquess of Headfort', 'John Dent Dent', 'James Crichton-Stuart', 'Eliot Yorke', 'William Ewart Gladstone', 'Charles Packe', 'John Ormsby-Gore, 1st Baron Harlech', 'Lord George Manners', 'Sir Robert Harvey, 1st Baronet, of Langley Park', 'Lord George Gordon-Lennox', 'Joseph Paxton', 'William Amherst, 3rd Earl Amherst', 'William Cogan', 'Ralph Bernal Osborne', 'Rainald Knightley, 1st Baron Knightley', 'Sir Gilbert Greenall, 1st Baronet', 'Thomas Gibson', 'Adam Black', 'Edwin Hill-Trevor, 1st Baron Trevor', 'Robert Myddelton Biddulph', 'Lord Henry Lennox', 'Frederick Smith', 'Edward Baines', 'Sir William Russell, 2nd Baronet', 'Francis Plunkett Dunne', 'William Battie-Wrightson', 'George Tomline', 'Sir John Vanden-Bempde-Johnstone, 2nd Baronet', 'Henry Cole', 'George Moffatt', 'George Stanhope, 7th Earl of Chesterfield', 'Sir John Scourfield, 1st Baronet', 'Richard Brinsley Sheridan', 'David Pugh', 'Henry Wyndham, 2nd Baron Leconfield', 'Benjamin Disraeli', 'Henry Temple, 3rd Viscount Palmerston', 'Alexander Baillie-Cochrane, 1st Baron Lamington', 'Sir Watkin Williams-Wynn, 6th Baronet', 'Samuel Waterhouse', 'Philip Pleydell-Bouverie', 'Sir Michael Shaw-Stewart, 7th Baronet', 'Charles Wynne', 'Sir William Scott, 6th Baronet', 'Henry Lowry-Corry', 'Edward Cardwell, 1st Viscount Cardwell', 'Sir Wilfrid Lawson, 2nd Baronet', 'Edward Pleydell-Bouverie', 'Sir John Esmonde, 10th Baronet', 'George Glyn, 2nd Baron Wolverton', 'Henry Lowther', 'Sir Henry Willoughby, 3rd Baronet', 'Sir William Jackson, 1st Baronet', 'Sir Edward Dering, 8th Baronet', 'Augustus Anson', 'George Legh', 'Sir Richard Gilpin, 1st Baronet', 'Sir Charles Forster, 1st Baronet', 'Richard Grosvenor, 1st Baron Stalbridge', 'John Bramley-Moore', 'James Clay', 'Thomas William Bramston', 'Hugh Annesley, 5th Earl Annesley', 'William Ormsby-Gore, 2nd Baron Harlech', 'Gathorne Gathorne-Hardy, 1st Earl of Cranbrook', 'Lord Alfred Paget', 'Sir Edmund Lacon, 3rd Baronet', 'Sir Charles Clifford, 4th Baronet', 'De Lacy Evans', 'Michael Hicks Beach, 1st Earl St Aldwyn', 'Thomas Bayley Potter', 'Arthur Duncombe', 'Sir John Hardy, 1st Baronet', 'Wilbraham Egerton, 1st Earl Egerton', 'Sir William Fraser, 4th Baronet', 'Henry Robertson', 'Frederick Tollemache', 'Sir Thomas Winnington, 4th Baronet', 'John Ivatt Briscoe', 'William Bromley-Davenport', 'Orlando Bridgeman, 3rd Earl of Bradford', 'James Alexander Lindsay', 'Thomas Baring', 'Edward Bulwer-Lytton', 'Spencer Cavendish, 8th Duke of Devonshire', 'Charles Cumming-Bruce', 'William Nathaniel Massey', 'Thomas Chandler Haliburton', 'William Bovill', 'Lawrence Palk, 1st Baron Haldon', 'George Sclater-Booth, 1st Baron Basing', 'George Clive', 'Sir William Stirling-Maxwell, 9th Baronet', 'Henry Danby Seymour', 'Richard Cobden', 'William Cecil, 3rd Marquess of Exeter', 'Crawshay Bailey', ""Sir Patrick O'Brien, 2nd Baronet"", 'William Alexander Mackinnon', 'Richard Penruddocke Long', 'Sir Hugh Owen Owen, 2nd Baronet', 'Thomas Alexander Mitchell', 'Ernest Brudenell-Bruce, 3rd Marquess of Ailesbury', 'Frederick Dundas', 'Thomas Matthias Weguelin', 'Godfrey Morgan, 1st Viscount Tredegar', 'William Pinney', 'Francis Russell, 9th Duke of Bedford', 'Charles Seely', 'Henry Whitmore', 'Edward Horsman', 'Robert Lowe', 'Sir Harry Verney, 2nd Baronet', 'John Henry Gurney Sr.', 'Edward Craufurd', 'Lord Alfred Hervey', 'David Dundas', 'John Maguire', 'Charles Gilpin', 'William Beresford', 'Sir William Hayter, 1st Baronet', 'Hugh Adair', 'William Hodgson Barrow', 'Evelyn Denison, 1st Viscount Ossington', 'Sir John Ramsden, 5th Baronet', 'Alexander William Kinglake', 'Thomas Salt', 'William Ewart', 'John Hubbard, 1st Baron Addington', 'Hugh Cairns, 1st Earl Cairns', 'William Patrick Adam', 'Hedworth Jolliffe, 2nd Baron Hylton', 'William Montagu Douglas Scott, 6th Duke of Buccleuch', 'Sir Robert Peel, 3rd Baronet', 'Sir William Evans, 1st Baronet', 'William Monsell, 1st Baron Emly', 'Francis Berkeley, 2nd Baron FitzHardinge', 'Somerset Beaumont', 'Lord Henry Thynne', 'William Wither Beach', 'Robert Ingham', 'Lewis Llewelyn Dillwyn', 'John Bonham-Carter', 'Sir Henry Bruce, 3rd Baronet', 'William Gore-Langton', 'Sir Edward Kerrison, 2nd Baronet', 'Joseph Hardcastle', 'Sir Robert Clifton, 9th Baronet', 'William Williams', 'Arthur William Buller', 'George Hammond Whalley', 'Henry Munro-Butler-Johnstone', 'Fitzroy Kelly', 'George Ward Hunt', 'Percy Herbert', 'Henry Douglas-Scott-Montagu, 1st Baron Montagu of Beaulieu', 'John Benjamin Smith', 'John Yorke', 'Henry Brand, 1st Viscount Hampden', 'Sir Graham Graham-Montgomery, 3rd Baronet', 'Fulke Greville-Nugent, 1st Baron Greville', 'Frederick Peel', 'Joseph Christopher Ewart', 'Henry Arthur Herbert', 'Robert Duff', 'Frederick Leveson-Gower', 'James Moncreiff, 1st Baron Moncreiff', 'John Bright', 'Edward Egerton', 'George Julius Poulett Scrope', 'David Salomons', 'Edward Knatchbull-Hugessen, 1st Baron Brabourne', 'Sir Thomas Bernard, 6th Baronet', 'Henry Brinsley Sheridan', 'Samuel Gregson', 'John Locke', 'James Stansfeld', 'Frederick Knight', 'Edward Ellice', 'John Trollope, 1st Baron Kesteven', 'John Alexander Kinglake', 'Sir William Payne-Gallwey, 2nd Baronet', 'Charles Williams-Wynn', 'Arthur Kinnaird, 10th Lord Kinnaird', 'John Walsh, 1st Baron Ormathwaite', 'Henry Bingham Baring', 'Robert Gascoyne-Cecil, 3rd Marquess of Salisbury', 'Townshend Mainwaring', 'Sir Frederick Williams, 2nd Baronet', 'John Pender', 'Martin Tucker Smith', 'Stafford Northcote, 1st Earl of Iddesleigh', 'Algernon Percy, 6th Duke of Northumberland', 'Guildford Onslow', 'Hugh Childers', 'George Shaw-Lefevre, 1st Baron Eversley', 'Sir Edmund Antrobus, 3rd Baronet', 'John Arthur Roebuck', 'Sir Francis Powell, 1st Baronet', 'Richard Bourke, 6th Earl of Mayo', 'Francis Goldsmid', 'Charles Chetwynd-Talbot, 19th Earl of Shrewsbury', 'Dudley Fortescue', 'Sir William Heathcote, 5th Baronet', 'James Matheson', 'Sir Philip Grey Egerton, 10th Baronet', 'Thomas Emerson Headlam', 'Poulett Somerset', 'George Cavendish-Bentinck', 'George Weld-Forester, 3rd Baron Forester', 'Sir Walter Barttelot, 1st Baronet', 'Alexander Baring, 4th Baron Ashburton', 'Valentine Browne, 4th Earl of Kenmare', 'Robert Kingscote', 'Lord Arthur Russell']"
880,Torino Football Club,['Torino Football Club']
900,"Lord George Gordon-Lennox', 'William Hodgson Barrow', 'Frederick Hervey, 3rd Marquess of Bristol', 'Robert Stephenson', 'Thomas Bayley Potter', ""Thomas O'Hagan, 1st Baron O'Hagan"", ""Charles Owen O'Conor"", 'Lord James Stuart', 'John Benjamin Smith', 'William Amherst, 3rd Earl Amherst', 'Frederick Dundas', 'William Edgcumbe, 4th Earl of Mount Edgcumbe', 'George Hussey Packe', 'Sir Harry Verney, 2nd Baronet', 'Frederick Leveson-Gower', 'Samuel Trehawke Kekewich', 'Henry Douglas-Scott-Montagu, 1st Baron Montagu of Beaulieu', 'William Cowper-Temple, 1st Baron Mount Temple', 'William Somerville, 1st Baron Athlumney', 'Charles Buxton', 'Thomas Salt', 'William Cubitt', 'Sir John Shelley, 7th Baronet', 'Sir William Payne-Gallwey, 2nd Baronet', 'Robert Windsor-Clive', 'Sir James Graham, 2nd Baronet', 'Thomas Gibson', 'Richard Brinsley Sheridan', 'Thomas Baring', 'Martin Tucker Smith', 'Valentine Browne, 4th Earl of Kenmare', 'Percy Burrell', 'Granville Proby, 4th Earl of Carysfort', 'Sir William Scott, 6th Baronet', 'Robert Myddelton Biddulph', 'Joseph Paxton', 'Samuel Whitbread', 'Somerset Beaumont', 'William Jolliffe, 1st Baron Hylton', 'George Bentinck', 'Charles Howard', 'Sir Thomas Bazley, 1st Baronet', 'John Cobbold', 'Frederick North', 'Lord Henry Thynne', 'Frederick Tollemache', 'Sir William Fraser, 4th Baronet', 'Michael Thomas Bass', 'William McClintock-Bunbury', 'Edward Egerton', 'Lord Alfred Hervey', 'Robert Collier, 1st Baron Monkswell', 'Augustus Anson', 'John Locke', 'John Hope-Johnstone', 'William Alexander Mackinnon', 'Hugh Cairns, 1st Earl Cairns', 'Algernon Egerton', 'Sir Gilbert Greenall, 1st Baronet', 'Edward Ellice', 'Charles Hanbury-Tracy, 4th Baron Sudeley', 'Henry Danby Seymour', 'Henry Vivian, 1st Baron Swansea', 'William Cavendish, 2nd Baron Chesham', 'Anthony Lefroy', 'Francis Henry FitzHardinge Berkeley', 'Edward Pleydell-Bouverie', 'George Windsor-Clive', ""Daniel O'Connell"", 'Sir George Grey, 2nd Baronet', 'John Maguire', 'Samuel Waterhouse', 'Sir Charles Forster, 1st Baronet', 'William Bromley-Davenport', 'William Atherton', 'George Hammond Whalley', 'Sir Francis Powell, 1st Baronet', 'Sir John Scourfield, 1st Baronet', 'Frederick Lygon, 6th Earl Beauchamp', 'Thomas Slingsby Duncombe', 'Mervyn Edward Archdale', 'Sir Frederick Williams, 2nd Baronet', 'Peter John Locke King', 'Godfrey Morgan, 1st Viscount Tredegar', 'John Walsh, 1st Baron Ormathwaite', 'Lord Alfred Paget', 'James Moncreiff, 1st Baron Moncreiff', 'David Morris', 'Samuel George Smith', 'Sir William Russell, 2nd Baronet', 'Isaac Butt', 'Sir John Mowbray, 1st Baronet', 'Michael Hicks Beach, 1st Earl St Aldwyn', 'Richard Spooner', 'Herbert Williams-Wynn', 'John Ormsby-Gore, 1st Baron Harlech', 'Edward Stanley, 15th Earl of Derby', 'Walter Long', 'Charles Napier', 'John Malcolm, 1st Baron Malcolm', 'James Crichton-Stuart', 'Sir Robert Harvey, 1st Baronet, of Langley Park', 'John Manners, 7th Duke of Rutland', 'Sir Philip Grey Egerton, 10th Baronet', ""Richard More O'Ferrall"", 'Evelyn Shirley', 'Sir Wilfrid Lawson, 2nd Baronet', 'William Bovill', 'Eliot Yorke', 'Frederick Lygon, 6th Earl Beauchamp', 'Alfred Seymour', 'Edward Fellowes, 1st Baron de Ramsey', 'Spencer Cavendish, 8th Duke of Devonshire', 'Poulett Somerset', 'Henry Munro-Butler-Johnstone', 'Thomas William Bramston', 'George Hamilton-Gordon, 5th Earl of Aberdeen', 'Thomas Taylour, 3rd Marquess of Headfort', 'Charles Seely', 'Charles Adderley, 1st Baron Norton', 'Francis Pigott Stainsby Conant', 'Henry Labouchere, 1st Baron Taunton', 'De Lacy Evans', 'Sir William Hayter, 1st Baronet', 'William Edward Baxter', 'George Clive', 'Thomas Lloyd-Mostyn', 'William Nathaniel Massey', 'Sir Robert Gore-Booth, 4th Baronet', ""Edward O'Neill, 2nd Baron O'Neill"", 'Gilbert Heathcote-Drummond-Willoughby, 1st Earl of Ancaster', 'Sir Thomas Bernard, 6th Baronet', 'Hugh Annesley, 5th Earl Annesley', 'Edward Douglas-Pennant, 1st Baron Penrhyn', 'George Monckton-Arundell, 6th Viscount Galway', 'Sir William Miles, 1st Baronet', 'Beaumont Hotham, 3rd Baron Hotham', 'George Harcourt', 'Charles Powell Leslie', 'John Henry Gurney Sr.', 'William Hutt', 'David Dundas', 'William Deedes', 'Edmond Roche, 1st Baron Fermoy', 'Sir Montague Cholmeley, 2nd Baronet', 'Sir Edward Dering, 8th Baronet', ""Sir Patrick O'Brien, 2nd Baronet"", 'Thomas Sotheron-Estcourt', 'George Goschen, 1st Viscount Goschen', 'Robert Aglionby Slaney', 'Robert Ingham', 'Francis Plunkett Dunne', 'Alexander Baillie-Cochrane, 1st Baron Lamington', 'Austen Henry Layard', 'Matthew Corbally', 'William Taylor Copeland', 'Robert Kingscote', 'Ralph Bernal Osborne', 'Henry Bruce, 1st Baron Aberdare', 'George Repton', 'Henry Lowther, 3rd Earl of Lonsdale', 'Robert Duncombe Shafto', 'George Legh', 'Edward Bulwer-Lytton', 'Sir Charles Burrell, 3rd Baronet', 'Sir Henry Ferguson Davie, 1st Baronet', 'Henry Brand, 1st Viscount Hampden', 'Sir James East, 2nd Baronet', 'William Ormsby-Gore, 2nd Baron Harlech', 'John St Aubyn, 1st Baron St Levan', 'Sir Edmund Lacon, 3rd Baronet', 'John George Dodson, 1st Baron Monk Bretton', 'Henry Sturt, 1st Baron Alington', 'William Montagu Douglas Scott, 6th Duke of Buccleuch', 'Sir Henry Bruce, 3rd Baronet', 'Sir John Dalrymple-Hay, 3rd Baronet', 'Sir Alexander Matheson, 1st Baronet', 'Joseph Hardcastle', 'Henry Wyndham, 2nd Baron Leconfield', 'John Hubbard, 1st Baron Addington', 'John Yorke', 'Sir Richard Gilpin, 1st Baronet', 'John Bright', 'John Pritchard', 'Fulke Greville-Nugent, 1st Baron Greville', 'James Wentworth Buller', 'George Sutherland-Leveson-Gower, 3rd Duke of Sutherland', 'Sir Richard Williams-Bulkeley, 10th Baronet', 'David Pugh', 'Gerard Noel', 'Thomas Peers Williams', 'Caledon Du Pré', 'George Moffatt', 'Sir John Ramsden, 5th Baronet', 'Richard Bourke, 6th Earl of Mayo', 'Charles Wynne', 'Wenman Coke', 'William Pinney', 'William Patrick Adam', 'Robert Wigram Crawford', 'William Keppel, 7th Earl of Albemarle', 'Edward Craufurd', 'Charles Gordon-Lennox, 6th Duke of Richmond', 'Sir Edward Kerrison, 2nd Baronet', 'Hugh Adair', 'Sir Edward Colebrooke, 4th Baronet', 'David Jones', 'William Scholefield', 'John Tollemache, 1st Baron Tollemache', 'William Ewart', 'Edward Horsman', 'Sidney Herbert, 1st Baron Herbert of Lea', 'J. T. Hibbert', 'Jonathan Peel', 'Henry Lowry-Corry', 'Francis Goldsmid', 'George Stanhope, 7th Earl of Chesterfield', 'Sir Robert Anstruther, 5th Baronet', 'John Pakington, 1st Baron Hampton', 'Charles Cumming-Bruce', 'William Tite', 'James Alexander Lindsay', 'Richard Penruddocke Long', 'Henry White, 1st Baron Annaly', 'Chichester Parkinson-Fortescue, 1st Baron Carlingford', 'Robert Gascoyne-Cecil, 3rd Marquess of Salisbury', 'Robert Duff', 'Acton Smee Ayrton', 'Sir William Bagge, 1st Baronet', 'Thomas Edward Taylor', 'Percy Herbert', 'Samuel Martin', 'Guildford Onslow', 'Henry Portman, 2nd Viscount Portman', 'Henry Brinsley Sheridan', 'Sir Watkin Williams-Wynn, 6th Baronet', 'Hedworth Jolliffe, 2nd Baron Hylton', 'Sir Edmund Antrobus, 3rd Baronet', 'James Haughton Langston', 'Henry Bingham Baring', 'Edward Ellice', 'Charles Du Cane', 'Sir William Heathcote, 5th Baronet', 'Thomas Erskine Perry', 'John Arthur Roebuck', 'Sir Thomas Winnington, 4th Baronet', 'Francis Russell, 9th Duke of Bedford', 'Sir William Verner, 1st Baronet', 'Marmaduke Wyvill', 'Edward Verner', 'Richard Bethell, 1st Baron Westbury', 'Sir George Bowyer, 7th Baronet', 'William Cogan', 'John Brocklehurst', 'Rainald Knightley, 1st Baron Knightley', 'George Glyn, 2nd Baron Wolverton', 'Sydney Pierrepont, 3rd Earl Manvers', 'Henry Fitzroy', 'Henry Cole', 'Townshend Mainwaring', 'Charles Packe', 'John Trollope, 1st Baron Kesteven', 'George Byng, 3rd Earl of Strafford', 'Lord George Cavendish', 'Octavius Morgan', 'Henry Lowther', 'John Pope Hennessy', 'Lord Arthur Russell', 'Joseph Locke', 'James Wilson', 'Edward Fitzalan-Howard, 1st Baron Howard of Glossop', 'Christopher William Codrington', 'Samuel Gregson', 'Sir George Brooke-Pechell, 4th Baronet', 'Hugh Arbuthnot', 'Charles Gilpin', 'Alexander Baring, 4th Baron Ashburton', 'James Milnes Gaskell', 'John Erle-Drax', 'William Monsell, 1st Baron Emly', 'Arthur William Buller', 'Spencer Horatio Walpole', 'Lord Claud Hamilton', 'Charles Wood, 1st Viscount Halifax', 'John Floyer', 'James Caird', 'William Vesey-FitzGerald', 'Ashley Ponsonby', 'George Ward Hunt', 'Henry Robertson', 'John Alexander Kinglake', 'Francis Charteris, 10th Earl of Wemyss', 'Henry Wyndham', 'John Bonham-Carter', 'William Williams', 'William Gore-Langton', 'Hugh Childers', 'John North', 'Lawrence Palk, 1st Baron Haldon', 'Henry Arthur Herbert', 'Abel Smith', 'Edward Watkin', 'George Shaw-Lefevre, 1st Baron Eversley', 'Percy Herbert', 'William Owen Stanley', 'Sir James Duke, 1st Baronet', 'Adam Black', 'Mayer Amschel de Rothschild', 'Ion Hamilton, 1st Baron HolmPatrick', 'John Abel Smith', 'Thomas Emerson Headlam', 'John Campbell, 2nd Earl Cawdor', 'Henry John Leeke', 'John Russell, 1st Earl Russell', 'Charles Newdigate Newdegate', 'Francis Berkeley, 2nd Baron FitzHardinge', 'John Walter', 'Benjamin Disraeli', 'Sir William Evans, 1st Baronet', 'Sir George Dashwood, 5th Baronet', 'Philip Lybbe Powys Lybbe', 'John Arthur Wynne', 'J. W. Henley', 'George Weld-Forester, 3rd Baron Forester', 'George Sclater-Booth, 1st Baron Basing', 'Sir Henry Edwards, 1st Baronet', 'Sir William Jackson, 1st Baronet', 'Sir Robert Clifton, 9th Baronet', 'Thomas Bateson, 1st Baron Deramore', 'Sir Michael Shaw-Stewart, 7th Baronet', 'Beriah Botfield', 'David Salomons', 'William Edward Forster', 'William Ewart Gladstone', 'John Lewis Ricardo', 'Thomas Baring, 1st Earl of Northbrook', 'Joseph Christopher Ewart', 'Arthur Mills', 'Lord Montagu Graham', 'Leopold Agar-Ellis, 5th Viscount Clifden', 'Charles Williams-Wynn', 'Charles Chetwynd-Talbot, 19th Earl of Shrewsbury', 'Edwin James', 'William Beresford', 'Frederick Smith', 'Francis John Savile Foljambe', 'William Battie-Wrightson', 'Sir John Vanden-Bempde-Johnstone, 2nd Baronet', 'William Marshall', 'Charles Kemeys-Tynte', 'William Henry Sykes', 'Richard Monckton Milnes, 1st Baron Houghton', 'Thomas Matthias Weguelin', 'Sir William Stirling-Maxwell, 9th Baronet', 'Algernon Percy, 6th Duke of Northumberland', 'William Watkin Edward Wynne', 'Evelyn Denison, 1st Viscount Ossington', 'Henry Temple, 3rd Viscount Palmerston', 'Thomas Alexander Mitchell', 'William Wither Beach', 'John Gladstone', 'Gathorne Gathorne-Hardy, 1st Earl of Cranbrook', 'Sir George Cornewall Lewis, 2nd Baronet', 'Sir Massey Lopes, 3rd Baronet', 'Dudley Marjoribanks, 1st Baron Tweedmouth', 'Fitzroy Kelly', 'Lord George Manners', 'M. E. Grant Duff', 'Arthur William Buller', 'Percy Wyndham', 'Crawshay Bailey', 'Alexander William Kinglake', 'George Hay, Earl of Gifford', 'James Wyld', 'George Glyn, 1st Baron Wolverton', 'Arthur Kinnaird, 10th Lord Kinnaird', 'Sir Henry Willoughby, 3rd Baronet', 'Frederick Peel', 'Dudley Fortescue', 'Sir Thomas Dyke Acland, 11th Baronet', 'William Laslett', 'Sir John Esmonde, 10th Baronet', 'George Traill', 'Michael Seymour', 'Harry Powlett, 4th Duke of Cleveland', 'John Wilson-Patten, 1st Baron Winmarleigh', 'John Ivatt Briscoe', 'Samuel Morton Peto', 'Walter Morrison', 'William FitzRoy, 6th Duke of Grafton', 'George Julius Poulett Scrope', 'William Henry Gregory', 'Edwin Hill-Trevor, 1st Baron Trevor', 'Allen Bathurst, 6th Earl Bathurst', 'Edward Cardwell, 1st Viscount Cardwell', 'Lord Adolphus Vane-Tempest', 'George Tomline', 'John Bramley-Moore', 'Frederick Knight', 'Edward Divett', 'Charles Pelham Villiers', 'Stafford Northcote, 1st Earl of Iddesleigh', 'Clarence Paget', 'James Kershaw', 'Sir Graham Graham-Montgomery, 3rd Baronet', 'James Matheson', 'George Heneage', 'Charles Hepburn-Stuart-Forbes-Trefusis, 20th Baron Clinton', 'Sir John Hardy, 1st Baronet', 'Richard Cobden', 'Edward Knatchbull-Hugessen, 1st Baron Brabourne', 'James Hamilton, 2nd Duke of Abercorn', 'George Cavendish-Bentinck', 'Roundell Palmer, 1st Earl of Selborne', 'Christopher Rice Mansel Talbot', 'John Hanmer, 1st Baron Hanmer', 'Sir William Welby-Gregory, 4th Baronet', 'Edward Baines', 'Lionel de Rothschild', 'Sir John Owen, 1st Baronet', 'John Dent Dent', 'James Stansfeld', 'Fitzstephen French', 'John Hodgetts-Foley', 'Henry Whitmore', 'Hugh Grosvenor, 1st Duke of Westminster', 'Sir Hugh Owen Owen, 2nd Baronet', 'Philip Pleydell-Bouverie', 'George Denman', 'John Dalberg-Acton, 1st Baron Acton', 'Sir Robert Ferguson, 2nd Baronet', 'Robert Lowe', 'Sir Charles Clifford, 4th Baronet', 'Thomas Chandler Haliburton', 'George Cubitt, 1st Baron Ashcombe', 'Lord Augustus Hervey', 'Orlando Bridgeman, 3rd Earl of Bradford', 'John Pender', 'Ernest Brudenell-Bruce, 3rd Marquess of Ailesbury', 'Lewis Llewelyn Dillwyn', 'Lord Henry Lennox', 'Sir Edmund Samuel Hayes, 3rd Baronet', 'James Whiteside', 'William Cecil, 3rd Marquess of Exeter', 'David Pugh', 'John Henniker-Major, 4th Baron Henniker', 'Wentworth Beaumont, 1st Baron Allendale', 'Wilbraham Egerton, 1st Earl Egerton', 'Henry Jervis-White-Jervis', 'Henry Baillie', 'James Fergusson', 'Stephen Cave', 'James Clay', 'Sir Robert Peel, 3rd Baronet', 'Lord Robert Montagu', 'Sir Henry Rich, 1st Baronet', 'Sir Walter Barttelot, 1st Baronet', 'Richard Grosvenor, 1st Baron Stalbridge', 'Edward Stillingfleet Cayley', 'Francis Baring, 1st Baron Northbrook', 'William Johnson Fox', 'Philip Wykeham Martin', 'Sir Frederick Hervey-Bathurst, 4th Baronet', 'Henry Drummond', 'Arthur Duncombe', 'Richard Fellowes Benyon","['Samuel Trehawke Kekewich', 'Anthony Lefroy', 'William Tite', 'John Hanmer, 1st Baron Hanmer', ""Edward O'Neill, 2nd Baron O'Neill"", 'Charles Powell Leslie', 'J. W. Henley', 'John Pritchard', 'John Floyer', ""Richard More O'Ferrall"", 'Henry Bruce, 1st Baron Aberdare', 'Sir John Dalrymple-Hay, 3rd Baronet', 'Sir Robert Anstruther, 5th Baronet', 'Lord George Cavendish', 'James Wyld', 'John Tollemache, 1st Baron Tollemache', 'Mervyn Edward Archdale', 'William Edward Forster', 'Isaac Butt', 'Sir William Verner, 1st Baronet', 'Francis Charteris, 10th Earl of Wemyss', 'Henry Portman, 2nd Viscount Portman', 'John George Dodson, 1st Baron Monk Bretton', 'Thomas Sotheron-Estcourt', 'Lord Robert Montagu', 'Robert Wigram Crawford', 'Chichester Parkinson-Fortescue, 1st Baron Carlingford', 'William Watkin Edward Wynne', 'Walter Morrison', 'Charles Hanbury-Tracy, 4th Baron Sudeley', 'Henry Jervis-White-Jervis', 'William Scholefield', 'Sir James Duke, 1st Baronet', 'William Owen Stanley', 'Hugh Arbuthnot', 'Edward Fellowes, 1st Baron de Ramsey', 'George Repton', 'Sir Richard Williams-Bulkeley, 10th Baronet', 'Leopold Agar-Ellis, 5th Viscount Clifden', 'Jonathan Peel', 'William Jolliffe, 1st Baron Hylton', 'Stephen Cave', 'Allen Bathurst, 6th Earl Bathurst', 'James Wentworth Buller', 'Francis Baring, 1st Baron Northbrook', 'Lionel de Rothschild', 'Peter John Locke King', 'John Pakington, 1st Baron Hampton', 'George Byng, 3rd Earl of Strafford', 'Sir Henry Edwards, 1st Baronet', 'Francis Henry FitzHardinge Berkeley', 'James Milnes Gaskell', 'Henry Lowther, 3rd Earl of Lonsdale', 'Samuel Martin', 'Edward Fitzalan-Howard, 1st Baron Howard of Glossop', 'Sir Thomas Bazley, 1st Baronet', 'James Hamilton, 2nd Duke of Abercorn', 'William Henry Sykes', 'John Henniker-Major, 4th Baron Henniker', 'Thomas Bateson, 1st Baron Deramore', 'Lord Claud Hamilton', 'John Abel Smith', 'Thomas Peers Williams', 'Lord Augustus Hervey', 'Sir Montague Cholmeley, 2nd Baronet', 'Henry Baillie', 'George Glyn, 1st Baron Wolverton', 'Clarence Paget', 'Roundell Palmer, 1st Earl of Selborne', ""Thomas O'Hagan, 1st Baron O'Hagan"", 'Percy Burrell', 'Henry John Leeke', 'Charles Wood, 1st Viscount Halifax', 'Sir William Welby-Gregory, 4th Baronet', 'John Malcolm, 1st Baron Malcolm', 'James Caird', 'Charles Adderley, 1st Baron Norton', 'Sir Edward Colebrooke, 4th Baronet', 'Granville Proby, 4th Earl of Carysfort', 'John Brocklehurst', 'Octavius Morgan', 'Philip Lybbe Powys Lybbe', 'Ashley Ponsonby', 'Michael Thomas Bass', 'William Hutt', 'Alfred Seymour', 'William Marshall', 'Caledon Du Pré', 'J. T. Hibbert', 'Wentworth Beaumont, 1st Baron Allendale', 'John St Aubyn, 1st Baron St Levan', 'Sir William Bagge, 1st Baronet', 'Charles Kemeys-Tynte', 'Percy Wyndham', 'Arthur Mills', 'George Hussey Packe', 'John Wilson-Patten, 1st Baron Winmarleigh', 'William Cowper-Temple, 1st Baron Mount Temple', 'Philip Wykeham Martin', 'Frederick North', 'William Taylor Copeland', 'Sir George Bowyer, 7th Baronet', 'William Henry Gregory', 'John Dalberg-Acton, 1st Baron Acton', 'Frederick Lygon, 6th Earl Beauchamp', 'John Hope-Johnstone', 'Sir Frederick Hervey-Bathurst, 4th Baronet', 'Edward Stanley, 15th Earl of Derby', 'John Pope Hennessy', 'Spencer Horatio Walpole', 'Samuel George Smith', 'Sir Thomas Dyke Acland, 11th Baronet', 'M. E. Grant Duff', 'Ion Hamilton, 1st Baron HolmPatrick', 'Richard Fellowes Benyon', 'Marmaduke Wyvill', 'Evelyn Shirley', 'Henry Vivian, 1st Baron Swansea', 'Algernon Egerton', 'Robert Duncombe Shafto', 'Wenman Coke', 'John Erle-Drax', 'Austen Henry Layard', 'Gilbert Heathcote-Drummond-Willoughby, 1st Earl of Ancaster', 'Sir John Mowbray, 1st Baronet', 'Charles Du Cane', 'Edward Watkin', 'William Edward Baxter', 'Sir Robert Gore-Booth, 4th Baronet', 'Beaumont Hotham, 3rd Baron Hotham', 'Charles Howard', 'John Manners, 7th Duke of Rutland', 'George Windsor-Clive', 'John Cobbold', 'Matthew Corbally', 'George Traill', 'James Fergusson', 'Sir John Shelley, 7th Baronet', 'Lord Montagu Graham', 'Samuel Morton Peto', 'Mayer Amschel de Rothschild', 'Thomas Edward Taylor', 'Sir William Miles, 1st Baronet', 'George Denman', 'Hugh Grosvenor, 1st Duke of Westminster', 'William Keppel, 7th Earl of Albemarle', 'Acton Smee Ayrton', 'Edward Douglas-Pennant, 1st Baron Penrhyn', 'Samuel Whitbread', 'George Bentinck', 'Edmond Roche, 1st Baron Fermoy', 'Charles Pelham Villiers', 'Edward Verner', 'George Monckton-Arundell, 6th Viscount Galway', 'Henry Sturt, 1st Baron Alington', 'Fitzstephen French', 'Abel Smith', 'David Jones', 'John North', 'Charles Newdigate Newdegate', 'Charles Buxton', 'James Whiteside', 'Sir Massey Lopes, 3rd Baronet', 'George Cubitt, 1st Baron Ashcombe', 'Francis John Savile Foljambe', 'Sir Alexander Matheson, 1st Baronet', 'Walter Long', 'Charles Hepburn-Stuart-Forbes-Trefusis, 20th Baron Clinton', 'Sir Henry Ferguson Davie, 1st Baronet', 'William Alexander Mackinnon', 'John Walter', 'William Vesey-FitzGerald', 'Sir George Grey, 2nd Baronet', 'Christopher Rice Mansel Talbot', 'George Goschen, 1st Viscount Goschen', 'Robert Collier, 1st Baron Monkswell', ""Charles Owen O'Conor"", 'Thomas Baring, 1st Earl of Northbrook', 'Dudley Marjoribanks, 1st Baron Tweedmouth', 'Gerard Noel', 'Thomas Taylour, 3rd Marquess of Headfort', 'John Dent Dent', 'James Crichton-Stuart', 'Eliot Yorke', 'William Ewart Gladstone', 'Charles Packe', 'John Ormsby-Gore, 1st Baron Harlech', 'Lord George Manners', 'Sir Robert Harvey, 1st Baronet, of Langley Park', 'Lord George Gordon-Lennox', 'Joseph Paxton', 'William Amherst, 3rd Earl Amherst', 'William Cogan', 'Ralph Bernal Osborne', 'Rainald Knightley, 1st Baron Knightley', 'Sir Gilbert Greenall, 1st Baronet', 'Thomas Gibson', 'Adam Black', 'Edwin Hill-Trevor, 1st Baron Trevor', 'Robert Myddelton Biddulph', 'Lord Henry Lennox', 'Frederick Smith', 'Edward Baines', 'Sir William Russell, 2nd Baronet', 'Francis Plunkett Dunne', 'William Battie-Wrightson', 'George Tomline', 'Sir John Vanden-Bempde-Johnstone, 2nd Baronet', 'Henry Cole', 'George Moffatt', 'George Stanhope, 7th Earl of Chesterfield', 'Sir John Scourfield, 1st Baronet', 'Richard Brinsley Sheridan', 'David Pugh', 'Henry Wyndham, 2nd Baron Leconfield', 'Benjamin Disraeli', 'Henry Temple, 3rd Viscount Palmerston', 'Alexander Baillie-Cochrane, 1st Baron Lamington', 'Sir Watkin Williams-Wynn, 6th Baronet', 'Samuel Waterhouse', 'Philip Pleydell-Bouverie', 'Sir Michael Shaw-Stewart, 7th Baronet', 'Charles Wynne', 'Sir William Scott, 6th Baronet', 'Henry Lowry-Corry', 'Edward Cardwell, 1st Viscount Cardwell', 'Sir Wilfrid Lawson, 2nd Baronet', 'Edward Pleydell-Bouverie', 'Sir John Esmonde, 10th Baronet', 'George Glyn, 2nd Baron Wolverton', 'Henry Lowther', 'Sir Henry Willoughby, 3rd Baronet', 'Sir William Jackson, 1st Baronet', 'Sir Edward Dering, 8th Baronet', 'Augustus Anson', 'George Legh', 'Sir Richard Gilpin, 1st Baronet', 'Sir Charles Forster, 1st Baronet', 'Richard Grosvenor, 1st Baron Stalbridge', 'John Bramley-Moore', 'James Clay', 'Thomas William Bramston', 'Hugh Annesley, 5th Earl Annesley', 'William Ormsby-Gore, 2nd Baron Harlech', 'Gathorne Gathorne-Hardy, 1st Earl of Cranbrook', 'Lord Alfred Paget', 'Sir Edmund Lacon, 3rd Baronet', 'Sir Charles Clifford, 4th Baronet', 'De Lacy Evans', 'Michael Hicks Beach, 1st Earl St Aldwyn', 'Thomas Bayley Potter', 'Arthur Duncombe', 'Sir John Hardy, 1st Baronet', 'Wilbraham Egerton, 1st Earl Egerton', 'Sir William Fraser, 4th Baronet', 'Henry Robertson', 'Frederick Tollemache', 'Sir Thomas Winnington, 4th Baronet', 'John Ivatt Briscoe', 'William Bromley-Davenport', 'Orlando Bridgeman, 3rd Earl of Bradford', 'James Alexander Lindsay', 'Thomas Baring', 'Edward Bulwer-Lytton', 'Spencer Cavendish, 8th Duke of Devonshire', 'Charles Cumming-Bruce', 'William Nathaniel Massey', 'Thomas Chandler Haliburton', 'William Bovill', 'Lawrence Palk, 1st Baron Haldon', 'George Sclater-Booth, 1st Baron Basing', 'George Clive', 'Sir William Stirling-Maxwell, 9th Baronet', 'Henry Danby Seymour', 'Richard Cobden', 'William Cecil, 3rd Marquess of Exeter', 'Crawshay Bailey', ""Sir Patrick O'Brien, 2nd Baronet"", 'William Alexander Mackinnon', 'Richard Penruddocke Long', 'Sir Hugh Owen Owen, 2nd Baronet', 'Thomas Alexander Mitchell', 'Ernest Brudenell-Bruce, 3rd Marquess of Ailesbury', 'Frederick Dundas', 'Thomas Matthias Weguelin', 'Godfrey Morgan, 1st Viscount Tredegar', 'William Pinney', 'Francis Russell, 9th Duke of Bedford', 'Charles Seely', 'Henry Whitmore', 'Edward Horsman', 'Robert Lowe', 'Sir Harry Verney, 2nd Baronet', 'John Henry Gurney Sr.', 'Edward Craufurd', 'Lord Alfred Hervey', 'David Dundas', 'John Maguire', 'Charles Gilpin', 'William Beresford', 'Sir William Hayter, 1st Baronet', 'Hugh Adair', 'William Hodgson Barrow', 'Evelyn Denison, 1st Viscount Ossington', 'Sir John Ramsden, 5th Baronet', 'Alexander William Kinglake', 'Thomas Salt', 'William Ewart', 'John Hubbard, 1st Baron Addington', 'Hugh Cairns, 1st Earl Cairns', 'William Patrick Adam', 'Hedworth Jolliffe, 2nd Baron Hylton', 'William Montagu Douglas Scott, 6th Duke of Buccleuch', 'Sir Robert Peel, 3rd Baronet', 'Sir William Evans, 1st Baronet', 'William Monsell, 1st Baron Emly', 'Francis Berkeley, 2nd Baron FitzHardinge', 'Somerset Beaumont', 'Lord Henry Thynne', 'William Wither Beach', 'Robert Ingham', 'Lewis Llewelyn Dillwyn', 'John Bonham-Carter', 'Sir Henry Bruce, 3rd Baronet', 'William Gore-Langton', 'Sir Edward Kerrison, 2nd Baronet', 'Joseph Hardcastle', 'Sir Robert Clifton, 9th Baronet', 'William Williams', 'Arthur William Buller', 'George Hammond Whalley', 'Henry Munro-Butler-Johnstone', 'Fitzroy Kelly', 'George Ward Hunt', 'Percy Herbert', 'Henry Douglas-Scott-Montagu, 1st Baron Montagu of Beaulieu', 'John Benjamin Smith', 'John Yorke', 'Henry Brand, 1st Viscount Hampden', 'Sir Graham Graham-Montgomery, 3rd Baronet', 'Fulke Greville-Nugent, 1st Baron Greville', 'Frederick Peel', 'Joseph Christopher Ewart', 'Henry Arthur Herbert', 'Robert Duff', 'Frederick Leveson-Gower', 'James Moncreiff, 1st Baron Moncreiff', 'John Bright', 'Edward Egerton', 'George Julius Poulett Scrope', 'David Salomons', 'Edward Knatchbull-Hugessen, 1st Baron Brabourne', 'Sir Thomas Bernard, 6th Baronet', 'Henry Brinsley Sheridan', 'Samuel Gregson', 'John Locke', 'James Stansfeld', 'Frederick Knight', 'Edward Ellice', 'John Trollope, 1st Baron Kesteven', 'John Alexander Kinglake', 'Sir William Payne-Gallwey, 2nd Baronet', 'Charles Williams-Wynn', 'Arthur Kinnaird, 10th Lord Kinnaird', 'John Walsh, 1st Baron Ormathwaite', 'Henry Bingham Baring', 'Robert Gascoyne-Cecil, 3rd Marquess of Salisbury', 'Townshend Mainwaring', 'Sir Frederick Williams, 2nd Baronet', 'John Pender', 'Martin Tucker Smith', 'Stafford Northcote, 1st Earl of Iddesleigh', 'Algernon Percy, 6th Duke of Northumberland', 'Guildford Onslow', 'Hugh Childers', 'George Shaw-Lefevre, 1st Baron Eversley', 'Sir Edmund Antrobus, 3rd Baronet', 'John Arthur Roebuck', 'Sir Francis Powell, 1st Baronet', 'Richard Bourke, 6th Earl of Mayo', 'Francis Goldsmid', 'Charles Chetwynd-Talbot, 19th Earl of Shrewsbury', 'Dudley Fortescue', 'Sir William Heathcote, 5th Baronet', 'James Matheson', 'Sir Philip Grey Egerton, 10th Baronet', 'Thomas Emerson Headlam', 'Poulett Somerset', 'George Cavendish-Bentinck', 'George Weld-Forester, 3rd Baron Forester', 'Sir Walter Barttelot, 1st Baronet', 'Alexander Baring, 4th Baron Ashburton', 'Valentine Browne, 4th Earl of Kenmare', 'Robert Kingscote', 'Lord Arthur Russell']"
920,Patrick Balkany,"['Noël Josèphe', 'Raymond Marcellin', 'Bernard Saugey', 'Michel Mercier', 'Alain Journet', 'Alain Moyne-Bressand', 'Maurice-Yves Castanier', 'Édouard Le Jeune', 'Pierre Méhaignerie', 'Jean Poudevigne', 'Georges Hage', 'Bernard Bosson', 'Jean Cluzel', 'François Fillon', 'Gérard Fayolle', 'Jean Puech', 'Philippe Madrelle', 'Pierre Jagoret', 'Yves du Halgouët', 'Pierre Estève', 'Jean-Pierre Masseret', 'Françoise Laurent-Perrigot', 'Jacques Cressard', 'Auguste Le Coënt', 'Marc Bécam', 'Louis Le Pensec', 'Henri Darras', 'Jacques Boyon', 'Marie-Noëlle Lienemann', 'Jean-Louis Tourenne', 'François Le Douarec', 'Jean-François Mancel', 'Gilbert Baumet', 'Michel Germa', ""Michel d'Ornano"", 'Yves Le Foll', 'André Chassaigne', 'Claude Belot', 'Joseph Yvon', 'Georges Benedetti', 'Henri Thamier', 'Jean Turc', 'Jules Roujon', 'Jean-Pierre Balduyck', 'Alain Rodet', 'Charles Josselin', 'Henri de Raincourt', 'Yves Le Cabellec', 'Félix Leyzour']"
940,Bristol City F.C.,['Bristol City F.C.']
960,"Justin Madden', 'John Brumby","['John Brumby', 'Murray Thompson', 'Michael Crutchfield']"
980,"John Jeffcott', 'Charles Cooper', 'Benjamin Boothby', 'Edward Castres Gwynne', 'William Wearing', 'Randolph Stow', 'James Boucaut', 'Richard Andrews', 'William Bundey', 'John Gordon', 'Robert Homburg', 'George Murray', 'Thomas Poole', 'Angas Parsons', 'Mellis Napier', 'Charles Abbott', 'Herbert Mayo', 'Vivian Millhouse', 'Roma Mitchell', 'Len King', 'Samuel Jacobs', 'Robin Millhouse', 'Derek Bollen', 'Elliott Johnston', 'John von Doussa', 'Kevin Duggan', 'Ted Mullighan', 'Bruce Debelle', 'Margaret Nyland', 'David Bleby', 'Brian Martin', 'Thomas Gray', 'John Sulan', 'Robyn Layton', 'Chris Kourakis', 'Graham Prior",['John Jeffcott']
