0,"2008', '2009","[2008, 2009]"
10,"1941', '1942', '1943', '1944', '1945', '1946', '1947', '1948', '1949","[1941, 1942, 1943, 1944, 1945, 1946, 1947, 1948, 1949]"
20,"1886', '1887', '1888","[1888, 1886, 1887]"
30,"1929', '1933","[1929, 1930, 1933, 1934, 1935]"
40,1976,[1976]
50,1995,[1995]
60,1992,[1992]
70,1975,[1975]
80,"1983', '1984', '1985', '1986', '1987', '1988","[1984, 1985, 1986, 1987, 1988, 1983]"
90,1900,"[1900, 1901, 1902, 1903, 1904, 1905, 1906, 1907, 1908, 1909, 1910, 1911, 1912, 1913, 1914, 1915, 1916, 1917, 1918, 1919]"
100,"1977', '1978', '1979', '1980', '1981', '1982","[1977, 1978, 1979, 1980, 1981, 1982]"
110,2004,[2004]
120,"1970', '1971', '1972","[1970, 1971, 1972]"
130,1994,[1994]
140,1967,[1967]
150,"2010', '2015","[2010, 2015]"
160,2002,[2002]
170,"1891', '1892', '1904', '1905', '1906', '1907', '1908', '1909', '1910', '1911","[1891, 1892, 1904, 1905, 1906, 1907, 1908, 1909, 1910, 1911]"
180,2014,[2014]
190,1993,[1993]
200,"2004', '2005', '2006","[2004, 2005, 2006]"
210,1923,"[1923, 1924]"
220,1974,"[1974, 1975, 1976, 1977, 1978, 1979]"
230,1947,[1947]
240,"1947', '1948', '1949","[1947, 1948, 1949]"
250,1995,[1995]
260,"1987', '1988', '1989', '1990', '1991', '1992', '1993', '1994', '1995', '1996', '1997', '1998', '1999', '2000","[1987, 1988, 1989, 1990, 1991, 1992, 1993, 1994, 1995, 1996, 1997, 1998, 1999, 2000]"
270,"2000', '2001', '2002', '2003', '2004","[2000, 2001, 2002, 2003, 2004]"
280,"1969', '1970","[1969, 1970]"
290,"1992', '1993', '1994', '1995","[1992, 1993, 1994, 1995]"
300,2000,[2000]
310,1971,[1971]
320,"1990', '1991', '1992', '1993', '1994', '1995', '1996","[1990, 1991, 1992, 1993, 1994, 1995, 1996]"
330,"1993', '1994', '1995', '1996","[1993, 1994, 1995, 1996]"
340,"1974', '1975', '1976', '1977', '1978","[1974, 1975, 1976, 1977, 1978]"
350,1991,[1991]
360,1975,[1975]
370,1983,[1983]
380,"1996', '1997', '1998","[1996, 1997, 1998]"
390,1998,[1998]
400,"1987', '1988', '1989","[1987, 1988, 1989]"
410,"1892', '1893', '1894', '1895', '1896', '1897","[1892, 1893, 1894, 1895, 1896, 1897]"
420,2007,[2007]
430,"1982', '1983', '1984', '1985', '1986', '1987', '1988', '1989', '1990', '1991', '1992', '1993', '1994', '1995', '1996', '1997', '1998","[1984, 1985, 1986, 1987, 1988, 1989, 1990, 1991, 1992, 1993, 1994, 1995, 1996, 1997, 1998, 1982, 1983]"
440,"1994', '1995', '1996', '1997', '1998', '1999', '2000', '2001","[1994, 1995, 1996, 1997, 1998, 1999, 2000, 2001]"
450,"1905', '1906', '1907', '1908', '1909', '1910', '1911', '1912', '1913', '1914', '1915', '1916', '1917', '1918', '1919', '1920","[1920, 1905, 1906, 1907, 1908, 1909, 1910, 1911, 1912, 1913, 1914, 1915, 1916, 1917, 1918, 1919]"
460,"1936', '1937","[1936, 1937]"
470,"2011', '2012', '2013', '2014', '2015","[2011, 2012, 2013, 2014, 2015]"
480,1974,[1974]
490,"1998', '1999', '2000', '2001', '2002', '2003', '2004', '2005","[1998, 1999, 2000, 2001, 2002, 2003, 2004, 2005]"
500,1863,[1863]
510,2010,[2010]
520,"1957', '1958', '1959', '1960', '1961', '1962","[1957, 1958, 1959, 1960, 1961, 1962]"
530,2008,[2008]
540,"1920', '1937","[1920, 1921, 1922, 1923, 1924, 1925, 1926, 1927, 1928, 1929, 1930, 1931, 1932, 1933, 1934, 1935, 1936, 1937]"
550,"1961', '1962', '1963', '1964', '1965', '1966', '1967","[1961, 1962, 1963, 1964, 1965, 1966, 1967]"
560,2011,[2011]
570,"1998', '1999","[1998, 1999]"
580,1932,[1932]
590,"1970', '1971', '1972', '1973', '1974","[1970, 1971, 1972, 1973, 1974]"
600,"1969', '1970","[1969, 1970]"
610,1977,[1977]
620,"1965', '1966', '1967', '1968', '1969', '1970', '1971', '1972","[1965, 1966, 1967, 1968, 1969, 1970, 1971, 1972]"
630,"1970', '1971', '1972', '1973', '1974","[1970, 1971, 1972, 1973, 1974]"
640,1974,[1974]
650,"Frederick Owen Roberts', 'Sir John Power, 1st Baronet', 'William Murdoch Adamson', 'Leslie Hore-Belisha', 'Oswald Lewis', 'Malcolm McCorquodale, 1st Baron McCorquodale of Newton', 'George Balfour', 'Francis Alfred Broad', 'Sir John Leigh, 1st Baronet', 'Hyacinth Morgan', 'Sir John Gilmour, 2nd Baronet', 'Alfred Salter', 'Edgar Granville, Baron Granville of Eye', 'Duncan Macgregor Graham', 'Samuel Savery', 'Sir David Reid, 1st Baronet', 'Geoffrey Shakespeare', 'Ian Macpherson, 1st Baron Strathcarron', 'Frederick Pethick-Lawrence, 1st Baron Pethick-Lawrence', 'Harry Crookshank, 1st Viscount Crookshank', 'John James Withers', 'Winston Churchill', 'Clement Davies', 'Wavell Wakefield, 1st Baron Wakefield of Kendal', 'A. P. Herbert', 'Frederick Montague, 1st Baron Amwell', 'Sir Philip Colfox, 1st Baronet', 'Charles Peat', 'William Wayland', 'George Daggar', 'J. H. Hall', 'Sir Godfrey Nicholson, 1st Baronet', 'Frank Sanderson', 'James Despencer-Robertson', 'David Cecil, 6th Marquess of Exeter', 'Ernest Nathaniel Bennett', 'Roundell Palmer, 3rd Earl of Selborne', 'William Jenkins', 'William John', 'Murdoch Macdonald', 'Cyril Entwistle', 'George Windsor-Clive', 'Sir Derrick Gunston, 1st Baronet', 'Wilfred Paling', 'William McLean Watson', 'Smedley Crooke', 'George Lambert, 1st Viscount Lambert', 'William Whiteley', 'Walter Runciman, 1st Viscount Runciman of Doxford', 'Joshua Ritson', 'Richard Denman', 'Harold Macmillan', 'Oliver Stanley', 'Ellen Wilkinson', 'James Brown', 'S. O. Davies', 'Alec Douglas-Home', 'Fred Marshall', 'Sydney Silverman', 'Michael Beaumont', 'Patrick Munro', 'Richard Pilkington', 'James Chuter Ede', 'John Graham Kerr', 'James Edmondson, 1st Baron Sandford', 'Sir Thomas Moore, 1st Baronet', 'Charles Taylor', 'Malcolm Macmillan', 'Florence Horsbrugh, Baroness Horsbrugh', 'Dingle Foot', 'Alexander Walkden, 1st Baron Walkden', 'Osbert Peake, 1st Viscount Ingleby', 'Richard Acland', 'James Stuart, 1st Viscount Stuart of Findhorn', 'David Logan', 'William Morrison, 1st Viscount Dunrossil', 'William John Gruffydd', 'Thomas Cape', 'Donald Somervell, Baron Somervell of Harrow', 'Philip Noel-Baker, Baron Noel-Baker', 'William Wedgwood Benn, 1st Viscount Stansgate', 'Robert Richards', 'Arthur Greenwood', 'Joseph Westwood', 'Sir Robert Aske, 1st Baronet', 'Charles Edwards', 'Ernest Graham-Little', 'William Leonard', 'Oliver Locker-Lampson', 'Euan Wallace', 'Seymour Cocks', 'Henry Adam Procter', 'Harold Balfour, 1st Baron Balfour of Inchrye', 'David Grenfell', 'James Reid, Baron Reid', 'Henry Haydn Jones', 'Goronwy Owen', 'James Thomas, 1st Viscount Cilcennin', 'Willie Gallacher', 'Herbert Morrison', 'Reginald Clarry', 'Lord Colum Crichton-Stuart', 'David Lloyd George', 'Hugh Dalton', 'Samuel Viant', 'Hugh Molson, Baron Molson', 'Alfred Barnes', 'Douglas Lloyd Savory', 'Hugh Cecil, 1st Baron Quickswood', 'Anthony Eden', 'William Allen', 'Rab Butler', 'William Mainwaring', 'Aneurin Bevan', 'Assheton Pownall', 'Albert Braithwaite', 'John Moore-Brabazon, 1st Baron Brabazon of Tara', 'William Leach', 'William Milbourne James', 'Will Thorne', 'Leslie Pym', 'Alan Crosland Graham', 'Arthur Creech Jones', 'Cecil Wilson', 'Ellis Smith', 'Gordon Hall Caine', 'Allen Bathurst, Lord Apsley', 'Clement Attlee', 'Lancelot Joynson-Hicks, 3rd Viscount Brentford', 'William Jowitt, 1st Earl Jowitt', 'Cecil Charles Poole', 'Frederick Bellenger', 'Jack Lawson', 'Dan Chater', 'Bartle Brennen Bull', 'Somerset de Chair', 'Louis Gluckstein', 'Henry Brooke, Baron Brooke of Cumnor', 'Reginald Dorman-Smith', 'Rhys Davies', 'Edward Keeling', 'Henry Haslam', 'Ivor Bulmer-Thomas', 'Tom Williams, Baron Williams of Barnburgh', 'Sir Frederick Mills, 1st Baronet', 'Robert Gibson, Lord Gibson', 'Lauchlin MacNeill Weir', 'Donald Somervell, Baron Somervell of Harrow', 'William Helmore', 'Thomas Sinclair', 'William Lane-Mitchell', 'Bernard Cruddas', 'James Heathcote-Drummond-Willoughby, 3rd Earl of Ancaster', 'David Robertson', 'Sir Nairne Stewart Sandeman, 1st Baronet', 'Walter Elliot', 'Stephen King-Hall', 'Sir Fitzroy MacLean, 1st Baronet', 'Malcolm MacDonald', 'John Graham Kerr', 'Herbert Henry Spender-Clay', 'Sir John McEwen, 1st Baronet', 'David Eccles, 1st Viscount Eccles', 'Sir Edward Campbell, 1st Baronet', 'Harold Webbe', 'Percy Hurd', 'Ben Smith', 'Richard John Russell', 'William Leach', 'Sir Ernest Shepperson, 1st Baronet', 'Sir Douglas Thomson, 2nd Baronet', 'Hugh Cecil, 1st Baron Quickswood', 'Robert Bernays', 'Waldron Smithers', 'Douglas Douglas-Hamilton, 14th Duke of Hamilton', 'George Sampson Elliston', 'Sir Peter Agnew, 1st Baronet', 'Arnold Wilson', 'George Oliver', 'George Courthope, 1st Baron Courthope', 'Archibald Boyd-Carpenter', 'Sir Lambert Ward, 1st Baronet', 'Florence Horsbrugh, Baroness Horsbrugh', 'Arthur Salter, 1st Baron Salter', 'Sir Gordon Touche, 1st Baronet', 'John Moore-Brabazon, 1st Baron Brabazon of Tara', 'Robert Grant-Ferris', 'James Baldwin-Webb', 'David Logan', 'Richard Stokes', 'Joseph Westwood', 'John Jacob Astor, 1st Baron Astor of Hever', 'William John Gruffydd', 'John Jestyn Llewellin, 1st Baron Llewellin', 'Sidney Herbert, 1st Baronet', 'Thomas Cooper, 1st Baron Cooper of Culross', 'Joseph Westwood', 'W. G. Howard Gritten', 'Sir Thomas Moore, 1st Baronet', 'Edgar Granville, Baron Granville of Eye', 'Robert Richards', 'Charles Edwards', 'Hugh Molson, Baron Molson', 'William Allen', 'Frank Sanderson', 'Joseph Gibbins', 'Ralph Assheton, 1st Baron Clitheroe', 'James Heathcote-Drummond-Willoughby, 3rd Earl of Ancaster', 'Frank Anderson', 'Florence Horsbrugh, Baroness Horsbrugh', 'David Margesson, 1st Viscount Margesson', 'Joseph Westwood', 'Patrick Munro', 'Arthur Salter, 1st Baron Salter', 'Hugh Dalton', 'Frederick Montague, 1st Baron Amwell', 'David Logan', 'Charles Edwards', 'William Morrison, 1st Viscount Dunrossil', 'Sir John Mellor, 2nd Baronet', 'Andrew Bonar Law', 'Manny Shinwell, Baron Shinwell', 'Fred Marshall', 'Oswald Lewis', 'Sir Thomas Moore, 1st Baronet', 'Sir Charles Ponsonby, 1st Baronet', 'Ernest Bevin', 'James Reid, Baron Reid', 'Cecil Wilson', 'John Graham Kerr', 'Samuel Hoare, 1st Viscount Templewood', 'Gordon Macdonald, 1st Baron Macdonald of Gwaenysgor', 'Victor Warrender, 1st Baron Bruntisfield', 'Stanley Baldwin', 'Arthur Salter, 1st Baron Salter', 'George Lambert, 1st Viscount Lambert', 'Sir William Edge, 1st Baronet', 'Cyril Cobb', 'Florence Horsbrugh, Baroness Horsbrugh', 'William Lane-Mitchell', 'Basil Neven-Spence', 'Sir Cuthbert Headlam, 1st Baronet', 'David Kirkwood, 1st Baron Kirkwood', 'David Grenfell', 'Mervyn Manningham-Buller', 'Sir Arnold Gridley, 1st Baronet', 'Ivor Bulmer-Thomas', 'William Lane-Mitchell', 'Frederick Montague, 1st Baron Amwell', 'Charles Williams', 'Sir Ralph Assheton, 1st Baronet', 'Samuel Storey, Baron Buckton', 'Archibald Boyd-Carpenter', 'Sir Fitzroy MacLean, 1st Baronet', 'Frederick Cundiff', 'Richard Stokes', 'Frank Sanderson', 'William Mainwaring', 'John Grimston, 6th Earl of Verulam', 'James Baldwin-Webb', 'Charles Williams', 'Florence Horsbrugh, Baroness Horsbrugh', 'Victor Raikes', 'Ronald Cartland', 'Dingle Foot', 'Hugh Cecil, 1st Baron Quickswood', 'John Stewart MacArthur', 'Hugh O'Neill, 1st Baron Rathcavan', 'Hugh Cecil, 1st Baron Quickswood', 'Cyril Entwistle', 'William Mainwaring', 'John Moore-Brabazon, 1st Baron Brabazon of Tara', 'Ralph Assheton, 1st Baron Clitheroe', 'John Boyd Orr, 1st Baron Boyd-Orr', 'James Heathcote-Drummond-Willoughby, 3rd Earl of Ancaster', 'Walter Elliot', 'Godfrey Collins', 'Albert Braithwaite', 'Francis Edward Fremantle', 'John Profumo', 'Sir John McEwen, 1st Baronet', 'Wilfrid Roberts', 'John Salmond', 'Francis Edward Fremantle', 'Donald Somervell, Baron Somervell of Harrow', 'Victor Warrender, 1st Baron Bruntisfield', 'Glenvil Hall', 'James Edmondson, 1st Baron Sandford', 'Cyril Cobb', 'Frederick Owen Roberts', 'John James Withers', 'Dudley Joel', 'George Mathers, 1st Baron Mathers', 'Henry Longhurst', 'Douglas Hacking, 1st Baron Hacking', 'Arthur Woodburn', 'Douglas Clifton Brown, 1st Viscount Ruffside', 'John Hargrave', 'Archibald Boyd-Carpenter', 'Gordon Macdonald, 1st Baron Macdonald of Gwaenysgor', 'James Thomas, 1st Viscount Cilcennin', 'Stoker Edwards', 'Samuel Viant', 'David Robertson', 'John Hargrave', 'Glenvil Hall', 'William Helmore', 'Sir George Hamilton, 1st Baronet', 'Thomas Galbraith, 1st Baron Strathclyde', 'Stanley Baldwin', 'David Robertson', 'Cyril Cobb', 'George Mathers, 1st Baron Mathers', 'David Logan', 'James Macpherson, 1st Baron Strathcarron', 'Fred Marshall', 'Alfred Hollins', 'Ian Leslie Orr-Ewing', 'Harold Macmillan', 'Alan Crosland Graham', 'Francis Edward Fremantle', 'Willie Gallacher', 'Sir Fitzroy MacLean, 1st Baronet', 'James Baldwin-Webb', 'Cyril Cobb', 'Charles Edwards', 'Reginald Clarry', 'David Grenfell', 'John Jestyn Llewellin, 1st Baron Llewellin', 'John Jestyn Llewellin, 1st Baron Llewellin', 'Alexander Walkden, 1st Baron Walkden', 'Arnold Wilson', 'John Graham Kerr', 'William Allen', 'William Edward Harcourt', 'David Robertson', 'David Robertson', 'William Milbourne James', 'James Henry Thomas', 'James Reid, Baron Reid', 'William Morrison, 1st Viscount Dunrossil', 'William Lane-Mitchell', 'Richard Stokes', 'Samuel Hoare, 1st Viscount Templewood', 'Anthony Eden', 'Florence Horsbrugh, Baroness Horsbrugh', 'Sir Gordon Touche, 1st Baronet', 'Philip Noel-Baker, Baron Noel-Baker', 'William Edward Harcourt', 'Alfred Hollins', 'Albert Braithwaite', 'Robert Richards', 'John Graham Kerr', 'John Grimston, 6th Earl of Verulam', 'James Reid, Baron Reid', 'Henry Brooke, Baron Brooke of Cumnor', 'Fred Marshall', 'John Grimston, 6th Earl of Verulam', 'Clement Davies', 'William Mainwaring', 'Frederick Montague, 1st Baron Amwell', 'John Graham Kerr', 'Maurice Petherick', 'William Helmore', 'Ronald Cartland', 'George Harvie-Watt', 'William Leach', 'Cecil Wilson', 'James Edmondson, 1st Baron Sandford', 'Cecil Wilson', 'Ronald Cartland', 'Sir Eric Errington, 1st Baronet', 'Sidney Herbert, 1st Baronet', 'Alexander West Russell', 'Sir John McEwen, 1st Baronet', 'George Mathers, 1st Baron Mathers', 'William Milbourne James', 'John Grimston, 6th Earl of Verulam', 'Joseph Westwood', 'David Logan', 'James Macpherson, 1st Baron Strathcarron', 'James Westwood', 'Reginald Clarry', 'Alfred Hollins', 'Glenvil Hall', 'Waldron Smithers', 'Patrick Munro', 'Archibald Boyd-Carpenter', 'David Logan', 'William Allen', 'Alexander West Russell', 'John Boyce', 'David Robertson', 'Sir George Hamilton, 1st Baronet', 'John Waller Hills', 'Douglas Clifton Brown, 1st Viscount Ruffside', 'Fred Marshall', 'Richard Stokes', 'Patrick Buchan-Hepburn, 1st Baron Hailes', 'Arthur Woodburn', 'James Reid, Baron Reid', 'Manny Shinwell, Baron Shinwell', 'Ernest Nathaniel Bennett', 'Glenvil Hall', 'Alexander West Russell', 'James Edmondson, 1st Baron Sandford', 'David Logan', 'Cyril Cobb', 'Ronald Cartland', 'John Stewart MacArthur', 'Henry Brooke, Baron Brooke of Cumnor', 'James Henry Thomas', 'Sir Gordon Touche, 1st Baronet', 'Alec Douglas-Home', 'Florence Horsbrugh, Baroness Horsbrugh', 'John Stewart MacArthur', 'Robert Richards', 'Richard Stokes', 'John Jestyn Llewellin, 1st Baron Llewellin', 'James Baldwin-Webb', 'Douglas Clifton Brown, 1st Viscount Ruffside', 'James Edmondson, 1st Baron Sandford', 'James Reid, Baron Reid', 'Oswald Lewis', 'John Maclay, 1st Viscount Muirshiel', 'Philip Noel-Baker, Baron Noel-Baker', 'Robert Richards', 'Ronald Cartland', 'Fred Marshall', 'John Grimston, 6th Earl of Verulam', 'James Westwood', 'Alexander West Russell', 'Philip Noel-Baker, Baron Noel-Baker', 'John Jestyn Llewellin, 1st Baron Llewellin', 'Douglas Clifton Brown, 1st Viscount Ruffside', 'David Logan', 'Alexander West Russell', 'James Edmondson, 1st Baron Sandford', 'Alexander West Russell', 'Alexander Walkden, 1st Baron Walkden', 'George Mathers, 1st Baron Mathers', 'James Reid, Baron Reid', 'James Reid, Baron Reid', 'Fred Marshall', 'David Logan', 'Ronald Cartland', 'Ronald Cartland', 'James Macpherson, 1st Baron Strathcarron', 'David Grenfell', 'George Mathers, 1st Baron Mathers', 'Fred Marshall', 'Fred Marshall', 'David Logan', 'Cyril Cobb', 'Douglas Clifton Brown, 1st Viscount Ruffside', 'Richard John Russell', 'Richard Stokes', 'Douglas Clifton Brown, 1st Viscount Ruffside', 'William Milbourne James', 'James Reid, Baron Reid', 'James Reid, Baron Reid', 'Cyril Entwistle', 'John Grimston, 6th Earl of Verulam', 'George Mathers, 1st Baron Mathers', 'John Graham Kerr', 'Fred Marshall', 'Ronald Cartland', 'Oswald Lewis', 'Oswald Lewis', 'Robert Richards', 'David Logan', 'Ronald Cartland', 'Ronald Cartland', 'William Milbourne James', 'David Logan', 'Patrick Buchan-Hepburn, 1st Baron Hailes', 'James Reid, Baron Reid', 'George Mathers, 1st Baron Mathers', 'Philip Noel-Baker, Baron Noel-Baker', 'Alexander West Russell', 'George Mathers, 1st Baron Mathers', 'Patrick Buchan-Hepburn, 1st Baron Hailes', 'Fred Marshall', 'Alexander West Russell', 'John Graham Kerr', 'James Edmondson, 1st Baron Sandford', 'Ronald Cartland', 'David Logan', 'Fred Marshall', 'David Grenfell', 'David Logan', 'Douglas Clifton Brown, 1st Viscount Ruffside', 'Cyril Entwistle', 'Cyril Entwistle', 'Oswald Lewis', 'Cyril Entwistle', 'Fred Marshall', 'David Logan', 'Oswald Lewis', 'Douglas Clifton Brown, 1st Viscount Ruffside', 'James Reid, Baron Reid', 'Ronald Cartland', 'Douglas Clifton Brown, 1st Viscount Ruffside', 'Ronald Cartland', 'Fred Marshall', 'Cyril Entwistle', 'Fred Marshall', 'Fred Marshall', 'James Edmondson, 1st Baron Sandford', 'James Edmondson, 1st Baron Sandford', 'Fred Marshall', 'Ronald Cartland', 'James Reid, Baron Reid', 'David Logan', 'Ronald Cartland', 'John Stewart MacArthur', 'Douglas Clifton Brown, 1st Viscount Ruffside', 'Fred Marshall', 'Ronald Cartland', 'Cyril Entwistle', 'George Mathers, 1st Baron Mathers', 'Oswald Lewis', 'Ronald Cartland', 'Ronald Cartland', 'Cyril Entwistle', 'Ronald Cartland', 'Ronald Cartland', 'James Edmondson, 1st Baron Sandford', 'James Edmondson, 1st Baron Sandford', 'Fred Marshall', 'Cyril Entwistle', 'Fred Marshall', 'Fred Marshall', 'James Edmondson, 1st Baron Sandford', 'James Edmondson, 1st Baron Sandford', 'George Mathers, 1st Baron Mathers', 'George Mathers, 1st Baron Mathers', 'George Mathers, 1st Baron Mathers', 'George Mathers, 1st Baron Mathers', 'George Mathers, 1st Baron Mathers', 'George Mathers, 1st Baron Mathers', 'George Mathers, 1st Baron Mathers', 'George Mathers, 1st Baron Mathers', 'George Mathers, 1st Baron Mathers', 'George Mathers, 1st Baron Mathers', 'George Mathers, 1st Baron Mathers', 'George Mathers, 1st Baron Mathers', 'George Mathers, 1st Baron Mathers', 'George Mathers, 1st Baron Mathers', 'George Mathers, 1st Baron Mathers', 'George Mathers, 1st Baron Mathers', 'George Mathers, 1st Baron Mathers', 'George Mathers, 1st Baron Mathers', 'George Mathers, 1st Baron Mathers', 'George Mathers, 1st Baron Mathers', 'George Mathers, 1st Baron Mathers', 'George Mathers, 1st Baron Mathers', 'George Mathers, 1st Baron Mathers', 'George Mathers, 1st Baron Mathers', 'George Mathers, 1st Baron Mathers', 'George Mathers, 1st Baron Mathers', 'George Mathers, 1st Baron Mathers', 'George Mathers, 1st Baron Mathers', 'George Mathers, 1st Baron Mathers', 'George Mathers, 1st Baron Mathers', 'George Mathers, 1st Baron Mathers', 'George Mathers, 1st Baron Mathers', 'George Mathers, 1st Baron Mathers', 'George Mathers, 1st Baron Mathers', 'George Mathers, 1st Baron Mathers', 'George Mathers, 1st Baron Mathers', 'George Mathers, 1st Baron Mathers', 'George Mathers, 1st Baron Mathers', 'George Mathers, 1st Baron Mathers', 'George Mathers, 1st Baron Mathers', 'George Mathers, 1st Baron Mathers', 'George Mathers, 1st Baron Mathers', 'George Mathers, 1st Baron Mathers', 'George Mathers, 1st Baron Mathers', 'George Mathers, 1st Baron Mathers', 'George Mathers, 1st Baron Mathers', 'George Mathers, 1st Baron Mathers', 'George Mathers, 1st Baron Mathers', 'George Mathers, 1st Baron Mathers', 'George Mathers, 1st Baron Mathers', 'George Mathers, 1st Baron Mathers', 'George Mathers, 1st Baron Mathers', 'George Mathers, 1st Baron Mathers', 'George Mathers, 1st Baron Mathers', 'George Mathers, 1st Baron Mathers', 'George Mathers, 1st Baron Mathers', 'George Mathers, 1st Baron Mathers', 'George Mathers, 1st Baron Mathers', 'George Mathers, 1st Baron Mathers', 'George Mathers, 1st Baron Mathers', 'George Mathers, 1st Baron Mathers', 'George Mathers, 1st Baron Mathers', 'George Mathers, 1st Baron Mathers', 'George Mathers, 1st Baron Mathers', 'George Mathers, 1st Baron Mathers', 'George Mathers, 1st Baron Mathers', 'George Mathers, 1st Baron Mathers', 'George Mathers, 1st Baron Mathers', 'George Mathers, 1st Baron Mathers', 'George Mathers, 1st Baron Mathers', 'George Mathers, 1st Baron Mathers', 'George Mathers, 1st Baron Mathers', 'George Mathers, 1st Baron Mathers', 'George Mathers, 1st Baron Mathers', 'George Mathers, 1st Baron Mathers', 'George Mathers, 1st Baron Mathers', 'George Mathers, 1st Baron Mathers', 'George Mathers, 1st Baron Mathers', 'George Mathers, 1st Baron Mathers', 'George Mathers, 1st Baron Mathers', 'George Mathers, 1st Baron Mathers', 'George Mathers, 1st Baron Mathers', 'George Mathers, 1st Baron Mathers', 'George Mathers, 1st Baron Mathers', 'George Mathers, 1st Baron Mathers', 'George Mathers, 1st Baron Mathers', 'George Mathers, 1st Baron Mathers', 'George Mathers, 1st Baron Mathers', 'George Mathers, 1st Baron Mathers', 'George Mathers, 1st Baron Mathers', 'George Mathers, 1st Baron Mathers', 'George Mathers, 1st Baron Mathers', 'George Mathers, 1st Baron Mathers', 'George Mathers, 1st Baron Mathers', 'George Mathers, 1st Baron Mathers', 'George Mathers, 1st Baron Mathers', 'George Mathers, 1st Baron Mathers', 'George Mathers, 1st Baron Mathers', 'George Mathers, 1st Baron Mathers', 'George Mathers, 1st Baron Mathers', 'George Mathers, 1st Baron Mathers', 'George Mathers, 1st Baron Mathers', 'George Mathers, 1st Baron Mathers', 'George Mathers, 1st Baron Mathers', 'George Mathers, 1st Baron Mathers', 'George Mathers, 1st Baron Mathers', 'George Mathers, 1st Baron Mathers', 'George Mathers, 1st Baron Mathers', 'George Mathers, 1st Baron Mathers', 'George Mathers, 1st Baron Mathers', 'George Mathers, 1st Baron Mathers', 'George Mathers, 1st Baron Mathers', 'George Mathers, 1st Baron Mathers', 'George Mathers, 1st Baron Mathers', 'George Mathers, 1st Baron Mathers', 'George Mathers, 1st Baron Mathers', 'George Mathers, 1st Baron Mathers', 'George Mathers, 1st Baron Mathers', 'George Mathers, 1st Baron Mathers', 'George Mathers, 1st Baron Mathers', 'George Mathers, 1st Baron Mathers', 'George Mathers, 1st Baron Mathers', 'George Mathers, 1st Baron Mathers', 'George Mathers, 1st Baron Mathers', 'George Mathers, 1st Baron Mathers', 'George Mathers, 1st Baron Mathers', 'George Mathers, 1st Baron Mathers', 'George Mathers, 1st Baron Mathers', 'George Mathers, 1st Baron Mathers', 'George Mathers, 1st Baron Mathers', 'George Mathers, 1st Baron Mathers', 'George Mathers, 1st Baron Mathers', 'George Mathers, 1st Baron Mathers', 'George Mathers, 1st Baron Mathers', 'George Mathers, 1st Baron Mathers', 'George Mathers, 1st Baron Mathers', 'George Mathers, 1st Baron Mathers', 'George Mathers, 1st Baron Mathers', 'George Mathers, 1st Baron Mathers', 'George Mathers, 1st Baron Mathers', 'George Mathers, 1st Baron Mathers', 'George Mathers, 1st Baron Mathers', 'George Mathers, 1st Baron Mathers', 'George Mathers, 1st Baron Mathers', 'George Mathers, 1st Baron Mathers', 'George Mathers, 1st Baron Mathers', 'George Mathers, 1st Baron Mathers', 'George Mathers, 1st Baron Mathers', 'George Mathers, 1st Baron Mathers', 'George Mathers, 1st Baron Mathers', 'George Mathers, 1st Baron Mathers', 'George Mathers, 1st Baron Mathers', 'George Mathers, 1st Baron Mathers', 'George Mathers, 1st Baron Mathers', 'George Mathers, 1st Baron Mathers', 'George Mathers, 1st Baron Mathers', 'George Mathers, 1st Baron Mathers', 'George Mathers, 1st Baron Mathers', 'George Mathers, 1st Baron Mathers', 'George Mathers, 1st Baron Mathers', 'George Mathers, 1st Baron Mathers', 'George Mathers, 1st Baron Mathers', 'George Mathers, 1st Baron Mathers', 'George Mathers, 1st Baron Mathers', 'George Mathers, 1st Baron Mathers', 'George Mathers, 1st Baron Mathers', 'George Mathers, 1st Baron Mathers', 'George Mathers, 1st Baron Mathers', 'George Mathers, 1st Baron Mathers', 'George Mathers, 1st Baron Mathers', 'George Mathers, 1st Baron Mathers', 'George Mathers, 1st Baron Mathers', 'George Mathers, 1st Baron Mathers', 'George Mathers, 1st Baron Mathers', 'George Mathers, 1st Baron Mathers', 'George Mathers, 1st Baron Mathers', 'George Mathers, 1st Baron Mathers', 'George Mathers, 1st Baron Mathers', 'George Mathers, 1st Baron Mathers', 'George Mathers, 1st Baron Mathers', 'George Mathers, 1st Baron Mathers', 'George Mathers, 1st Baron Mathers', 'George Mathers, 1st Baron Mathers', 'George Mathers, 1st Baron Mathers', 'George Mathers, 1st Baron Mathers', 'George Mathers, 1st Baron Mathers', 'George Mathers, 1st Baron Mathers', 'George Mathers, 1st Baron Mathers', 'George Mathers, 1st Baron Mathers', 'George Mathers, 1st Baron Mathers', 'George Mathers, 1st Baron Mathers', 'George Mathers, 1st Baron Mathers', 'George Mathers, 1st Baron Mathers', 'George Mathers, 1st Baron Mathers', 'George Mathers, 1st Baron Mathers', 'George Mathers, 1st Baron Mathers', 'George Mathers, 1st Baron Mathers', 'George Mathers, 1st Baron Mathers', 'George Mathers, 1st Baron Mathers', 'George Mathers, 1st Baron Mathers', 'George Mathers, 1st Baron Mathers', 'George Mathers, 1st Baron Mathers', 'George Mathers, 1st Baron Mathers', 'George Mathers, 1st Baron Mathers', 'George Mathers, 1st Baron Mathers', 'George Mathers, 1st Baron Mathers', 'George Mathers, 1st Baron Mathers', 'George Mathers, 1st Baron Mathers', 'George Mathers, 1st Baron Mathers', 'George Mathers, 1st Baron Mathers', 'George Mathers, 1st Baron Mathers', 'George Mathers, 1st Baron Mathers', 'George Mathers, 1st Baron Mathers', 'George Mathers, 1st Baron Mathers', 'George Mathers, 1st Baron Mathers', 'George Mathers, 1st Baron Mathers', 'George Mathers, 1st Baron Mathers', 'George Mathers, 1st Baron Mathers', 'George Mathers, 1st Baron Mathers', 'George Mathers, 1st Baron Mathers', 'George Mathers, 1st Baron Mathers', 'George Mathers, 1st Baron Mathers', 'George Mathers, 1st Baron Mathers', 'George Mathers, 1st Baron Mathers', 'George Mathers, 1st Baron Mathers', 'George Mathers, 1st Baron Mathers', 'George Mathers, 1st Baron Mathers', 'George Mathers, 1st Baron Mathers', 'George Mathers, 1st Baron Mathers', 'George Mathers, 1st Baron Mathers', 'George Mathers, 1st Baron Mathers', 'George Mathers, 1st Baron Mathers', 'George Mathers, 1st Baron Mathers', 'George Mathers, 1st Baron Macdonald of Gwaenysgor', 'George Mathers, 1st Baron Macdonald of Gwaenysgor', 'George Mathers, 1st Baron Macdonald of Gwaenysgor', 'George Mathers, 1st Baron Macdonald of Gwaenysgor', 'George Mathers, 1st Baron Macdonald of Gwaenysgor', 'George Mathers, 1st Baron Macdonald of Gwaenysgor', 'George Mathers, 1st Baron Macdonald of Gwaenysgor', 'George Mathers, 1st Baron Macdonald of Gwaenysgor', 'George Mathers, 1st Baron Macdonald of Gwaenysgor', 'George Mathers, 1st Baron Macdonald of Gwaenysgor', 'George Mathers, 1st Baron Macdonald of Gwaenysgor', 'George Mathers, 1st Baron Macdonald of Gwaenysgor', 'George Mathers, 1st Baron Macdonald of Gwaenysgor', 'George Mathers, 1st Baron Macdonald of Gwaenysgor', 'George Mathers, 1st Baron Macdonald of Gwaenysgor', 'George Mathers, 1st Baron Macdonald of Gwaenysgor', 'George Mathers, 1st Baron Macdonald of Gwaenysgor', 'George Mathers, 1st Baron Macdonald of Gwaenysgor', 'George Mathers, 1st Baron Macdonald of Gwaenysgor', 'George Mathers, 1st Baron Macdonald of Gwaenysgor', 'George Mathers, 1st Baron Macdonald of Gwaenysgor', 'George Mathers, 1st Baron Macdonald of Gwaenysgor', 'George Mathers, 1st Baron Macdonald of Gwaenysgor', 'George Mathers, 1st Baron Macdonald of Gwaenysgor', 'George Mathers, 1st Baron Macdonald of Gwaenysgor', 'George Mathers, 1st Baron Macdonald of Gwaenysgor', 'George Mathers, 1st Baron Macdonald of Gwaenysgor', 'George Mathers, 1st Baron Macdonald of Gwaenysgor', 'George Mathers, 1st Baron Macdonald of Gwaenysgor', 'George Mathers, 1st Baron Macdonald of Gwaenysgor', 'George Mathers, 1st Baron Macdonald of Gwaenysgor', 'George Mathers, 1st Baron Macdonald of Gwaenysgor', 'George Mathers, 1st Baron Macdonald of Gwaenysgor', 'George Mathers, 1st Baron Macdonald of Gwaenysgor', 'George Mathers, 1st Baron Macdonald of Gwaenysgor', 'George Mathers, 1st Baron Macdonald of Gwaenysgor', 'George Mathers, 1st Baron Macdonald of Gwaenysgor', 'George Mathers, 1st Baron Macdonald of Gwaenysgor', 'George Mathers, 1st Baron Macdonald of Gwaenysgor', 'George Mathers, 1st Baron Macdonald of Gwaenysgor', 'George Mathers, 1st Baron Macdonald of Gwaenysgor', 'George Mathers, 1st Baron Macdonald of Gwaenysgor', 'George Mathers, 1st Baron Macdonald of Gwaenysgor', 'George Mathers, 1st Baron Macdonald of Gwaenysgor', 'George Mathers, 1st Baron Macdonald of Gwaenysgor', 'George Mathers, 1st Baron Macdonald of Gwaenysgor', 'George Mathers, 1st Baron Macdonald of Gwaenysgor', 'George Mathers, 1st Baron Macdonald of Gwaenysgor', 'George Mathers, 1st Baron Macdonald of Gwaenysgor', 'George Mathers, 1st Baron Macdonald of Gwaenysgor', 'George Mathers, 1st Baron Macdonald of Gwaenysgor', 'George Mathers, 1st Baron Macdonald of Gwaenysgor', 'George Mathers, 1st Baron Macdonald of Gwaenysgor', 'George Mathers, 1st Baron Macdonald of Gwaenysgor', 'George Mathers, 1st Baron Macdonald of Gwaenysgor', 'George Mathers, 1st Baron Macdonald of Gwaenysgor', 'George Mathers, 1st Baron Macdonald of Gwaenysgor', 'George Mathers, 1st Baron Macdonald of Gwaenysgor', 'George Mathers, 1st Baron Macdonald of Gwaenysgor', 'George Mathers, 1st Baron Macdonald of Gwaenysgor', 'George Mathers, 1st Baron Macdonald of Gwaenysgor', 'George Mathers, 1st Baron Macdonald of Gwaenysgor', 'George Mathers, 1st Baron Macdonald of Gwaenysgor', 'George Mathers, 1st Baron Macdonald of Gwaenysgor', 'George Mathers, 1st Baron Macdonald of Gwaenysgor', 'George Mathers, 1st Baron Macdonald of Gwaenysgor', 'George Mathers, 1st Baron Macdonald of Gwaenysgor', 'George Mathers, 1st Baron Macdonald of Gwaenysgor', 'George Mathers, 1st Baron Macdonald of Gwaenysgor', 'George Mathers, 1st Baron Macdonald of Gwaenysgor', 'George Mathers, 1st Baron Macdonald of Gwaenysgor', 'George Mathers, 1st Baron Macdonald of Gwaenysgor', 'George Mathers, 1st Baron Macdonald of Gwaenysgor', 'George Mathers, 1st Baron Macdonald of Gwaenysgor', 'George Mathers, 1st Baron Macdonald of Gwaenysgor', 'George Mathers, 1st Baron Macdonald of Gwaenysgor', 'George Mathers, 1st Baron Macdonald of Gwaenysgor', 'George Mathers, 1st Baron Macdonald of Gwaenysgor', 'George Mathers, 1st Baron Macdonald of Gwaenysgor', 'George Mathers, 1st Baron Macdonald of Gwaenysgor', 'George Mathers, 1st Baron Macdonald of Gwaenysgor', 'George Mathers, 1st Baron Macdonald of Gwaenysgor', 'George Mathers, 1st Baron Macdonald of Gwaenysgor', 'George Mathers, 1st Baron Macdonald of Gwaenysgor', 'George Mathers, 1st Baron Macdonald of Gwaenysgor', 'George Mathers, 1st Baron Macdonald of Gwaenysgor', 'George Mathers, 1st Baron Macdonald of Gwaenysgor', 'George Mathers, 1st Baron Macdonald of Gwaenysgor', 'George Mathers, 1st Baron Macdonald of Gwaenysgor', 'George Mathers, 1st Baron Macdonald of Gwaenysgor', 'George Mathers, 1st Baron Macdonald of Gwaenysgor', 'George Mathers, 1st Baron Macdonald of Gwaenysgor', 'George Mathers, 1st Baron Macdonald of Gwaenysgor', 'George Mathers, 1st Baron Macdonald of Gwaenysgor', 'George Mathers, 1st Baron Macdonald of Gwaenysgor', 'George Mathers, 1st Baron Macdonald of Gwaenysgor', 'George Mathers, 1st Baron Macdonald of Gwaenysgor', 'George Mathers, 1st Baron Macdonald of Gwaenysgor', 'George Mathers, 1st Baron Macdonald of Gwaenysgor', 'George Mathers, 1st Baron Macdonald of Gwaenysgor', 'George Mathers, 1st Baron Macdonald of Gwaenysgor', 'George Mathers, 1st Baron Macdonald of Gwaenysgor', 'George Mathers, 1st Baron Macdonald of Gwaenysgor', 'George Mathers, 1st Baron Macdonald of Gwaenysgor', 'George Mathers, 1st Baron Macdonald of Gwaenysgor', 'George Mathers, 1st Baron Macdonald of Gwaenysgor', 'George Mathers, 1st Baron Macdonald of Gwaenysgor', 'George Mathers, 1st Baron Macdonald of Gwaenysgor', 'George Mathers, 1st Baron Macdonald of Gwaenysgor', 'George Mathers, 1st Baron Macdonald of Gwaenysgor', 'George Mathers, 1st Baron Macdonald of Gwaenysgor', 'George Mathers, 1st Baron Macdonald of Gwaenysgor', 'George Mathers, 1st Baron Macdonald of Gwaenysgor', 'George Mathers, 1st Baron Macdonald of Gwaenysgor', 'George Mathers, 1st Baron Macdonald of Gwaenysgor', 'George Mathers, 1st Baron Macdonald of Gwaenysgor', 'George Mathers, 1st Baron Macdonald of Gwaenysgor', 'George Mathers, 1st Baron Macdonald of Gwaenysgor', 'George Mathers, 1st Baron Macdonald of Gwaenysgor', 'George Mathers, 1st Baron Macdonald of Gwaenysgor', 'George Mathers, 1st Baron Macdonald of Gwaenysgor', 'George Mathers, 1st Baron Macdonald of Gwaenysgor', 'George Mathers, 1st Baron Macdonald of Gwaenysgor', 'George Mathers, 1st Baron Macdonald of Gwaenysgor', 'George Mathers, 1st Baron Macdonald of Gwaenysgor', 'George Mathers, 1st Baron Macdonald of Gwaenysgor', 'George Mathers, 1st Baron Macdonald of Gwaenysgor', 'George Mathers, 1st Baron Macdonald of Gwaenysgor', 'George Mathers, 1st Baron Macdonald of Gwaenysgor', 'George Mathers, 1st Baron Macdonald of Gwaenysgor', 'George Mathers, 1st Baron Macdonald of Gwaenysgor', 'George Mathers, 1st Baron Macdonald of Gwaenysgor', 'George Mathers, 1st Baron Macdonald of Gwaenysgor', 'George Mathers, 1st Baron Macdonald of Gwaenysgor', 'George Mathers, 1st Baron Macdonald of Gwaenysgor', 'George Mathers, 1st Baron Macdonald of Gwaenysgor', 'George Mathers, 1st Baron Macdonald of Gwaenysgor', 'George Mathers, 1st Baron Macdonald of Gwaenysgor', 'George Mathers, 1st Baron Macdonald of Gwaenysgor', 'George Mathers, 1st Baron Macdonald of Gwaenysgor', 'George Mathers, 1st Baron Macdonald of Gwaenysgor', 'George Mathers, 1st Baron Macdonald of Gwaenysgor', 'George Mathers, 1st Baron Macdonald of Gwaenysgor', 'George Mathers, 1st Baron Macdonald of Gwaenysgor', 'George Mathers, 1st Baron Macdonald of Gwaenysgor', 'George Mathers, 1st Baron Macdonald of Gwaenysgor', 'George Mathers, 1st Baron Macdonald of Gwaenysgor', 'George Mathers, 1st Baron Macdonald of Gwaenysgor', 'George Mathers, 1st Baron Macdonald of Gwaenysgor', 'George Mathers, 1st Baron Macdonald of Gwaenysgor', 'George Mathers, 1st Baron Macdonald of Gwaenysgor', 'George Mathers, 1st Baron Macdonald of Gwaenysgor', 'George Mathers, 1st Baron Macdonald of Gwaenysgor', 'George Mathers, 1st Baron Macdonald of Gwaenysgor', 'George Mathers, 1st Baron Macdonald of Gwaenysgor', 'George Mathers, 1st Baron Macdonald of Gwaenysgor', 'George Mathers, 1st Baron Macdonald of Gwaenysgor', 'George Mathers, 1st Baron Macdonald of Gwaenysgor', 'George Mathers, 1st Baron Macdonald of Gwaenysgor', 'George Mathers, 1st Baron Macdonald of Gwaenysgor', 'George Mathers, 1st Baron Macdonald of Gwaenysgor', 'George Mathers, 1st Baron Macdonald of Gwaenysgor', 'George Mathers, 1st Baron Macdonald of Gwaenysgor', 'George Mathers, 1st Baron Macdonald of Gwaenysgor', 'George Mathers, 1st Baron Macdonald of Gwaenysgor', 'George Mathers, 1st Baron Macdonald of Gwaenysgor', 'George Mathers, 1st Baron Macdonald of Gwaenysgor', 'George Mathers, 1st Baron Macdonald of Gwaenysgor', 'George Mathers, 1st Baron Macdonald of Gwaenysgor', 'George Mathers, 1st Baron Macdonald of Gwaenysgor', 'George Mathers, 1st Baron Macdonald of Gwaenysgor', 'George Mathers, 1st Baron Macdonald of Gwaenysgor', 'George Mathers, 1st Baron Macdonald of Gwaenysgor', 'George Mathers, 1st Baron Macdonald of Gwaenysgor', 'George Mathers, 1st Baron Macdonald of Gwaenysgor', 'George Mathers, 1st Baron Macdonald of Gwaenysgor', 'George Mathers, 1st Baron Macdonald of Gwaenysgor', 'George Mathers, 1st Baron Macdonald of Gwaenysgor', 'George Mathers, 1st Baron Macdonald of Gwaenysgor', 'George Mathers, 1st Baron Macdonald of Gwaenysgor', 'George Mathers, 1st Baron Macdonald of Gwaenysgor', 'George Mathers, 1st Baron Macdonald of Gwaenysgor', 'George Mathers, 1st Baron Macdonald of Gwaenysgor', 'George Mathers, 1st Baron Macdonald of Gwaenysgor', 'George Mathers, 1st Baron Macdonald of Gwaenysgor', 'George Mathers, 1st Baron Macdonald of Gwaenysgor', 'George Mathers, 1st Baron Macdonald of Gwaenysgor', 'George Mathers, 1st Baron Macdonald of Gwaenysgor', 'George Mathers, 1st Baron Macdonald of Gwaenysgor', 'George Mathers, 1st Baron Macdonald of Gwaenysgor', 'George Mathers, 1st Baron Macdonald of Gwaenysgor', 'George Mathers, 1st Baron Macdonald of Gwaenysgor', 'George Mathers, 1st Baron Macdonald of Gwaenysgor', 'George Mathers, 1st Baron Macdonald of Gwaenysgor', 'George Mathers, 1st Baron Macdonald of Gwaenysgor', 'George Mathers, 1st Baron Macdonald of Gwaenysgor', 'George Mathers, 1st Baron Macdonald of Gwaenysgor', 'George Mathers, 1st Baron Macdonald of Gwaenysgor', 'George Mathers, 1st Baron Macdonald of Gwaenysgor', 'George Mathers, 1st Baron Macdonald of Gwaenysgor', 'George Mathers, 1st Baron Macdonald of Gwaenysgor', 'George Mathers, 1st Baron Macdonald of Gwaenysgor', 'George Mathers, 1st Baron Macdonald of Gwaenysgor', 'George Mathers, 1st Baron Macdonald of Gwaenysgor', 'George Mathers, 1st Baron Macdonald of Gwaenysgor', 'George Mathers, 1st Baron Macdonald of Gwaenysgor', 'George Mathers, 1st Baron Macdonald of Gwaenysgor', 'George Mathers, 1st Baron Macdonald of Gwaenysgor', 'George Mathers, 1st Baron Macdonald of Gwaenysgor', 'George Mathers, 1st Baron Macdonald of Gwaenysgor', 'George Mathers, 1st Baron Macdonald of Gwaenysgor', 'George Mathers, 1st Baron Macdonald of Gwaenysgor', 'George Mathers, 1st Baron Macdonald of Gwaenysgor', 'George Mathers, 1st Baron Macdonald of Gwaenysgor', 'George Mathers, 1st Baron Macdonald of Gwaenysgor', 'George Mathers, 1st Baron Macdonald of Gwaenysgor', 'George Mathers, 1st Baron Macdonald of Gwaenysgor', 'George Mathers, 1st Baron Macdonald of Gwaenysgor', 'George Mathers, 1st Baron Macdonald of Gwaenysgor', 'George Mathers, 1st Baron Macdonald of Gwaenysgor', 'George Mathers, 1st Baron Macdonald of Gwaenysgor', 'George Mathers, 1st Baron Macdonald of Gwaenysgor', 'George Mathers, 1st Baron Macdonald of Gwaenysgor', 'George Mathers, 1st Baron Macdonald of Gwaenysgor', 'George Mathers, 1st Baron Macdonald of Gwaenysgor', 'George Mathers, 1st Baron Macdonald of Gwaenysgor', 'George Mathers, 1st Baron Macdonald of Gwaenysgor', 'George Mathers, 1st Baron Macdonald of Gwaenysgor', 'George Mathers, 1st Baron Macdonald of Gwaenysgor', 'George Mathers, 1st Baron Macdonald of Gwaenysgor', 'George Mathers, 1st Baron Macdonald of Gwaenysgor', 'George Mathers, 1st Baron Macdonald of Gwaenysgor', 'George Mathers, 1st Baron Macdonald of Gwaenysgor', 'George Mathers, 1st Baron Macdonald of Gwaenysgor', 'George Mathers, 1st Baron Macdonald of Gwaenysgor', 'George Mathers, 1st Baron Macdonald of Gwaenysgor', 'George Mathers, 1st Baron Macdonald of Gwaenysgor', 'George Mathers, 1st Baron Macdonald of Gwaenysgor', 'George Mathers, 1st Baron Macdonald of Gwaenysgor', 'George Mathers, 1st Baron Macdonald of Gwaenysgor', 'George Mathers, 1st Baron Macdonald of Gwaenysgor', 'George Mathers, 1st Baron Macdonald of Gwaenysgor', 'George Mathers, 1st Baron Macdonald of Gwaenysgor', 'George Mathers, 1st Baron Macdonald of Gwaenysgor', 'George Mathers, 1st Baron Macdonald of Gwaenysgor', 'George Mathers, 1st Baron Macdonald of Gwaenysgor', 'George Mathers, 1st Baron Macdonald of Gwaenysgor', 'George Mathers, 1st Baron Macdonald of Gwaenysgor', 'George Mathers, 1st Baron Macdonald of Gwaenysgor', 'George Mathers, 1st Baron Macdonald of Gwaenysgor', 'George Mathers, 1st Baron Macdonald of Gwaenysgor', 'George Mathers, 1st Baron Macdonald of Gwaenysgor', 'George Mathers, 1st Baron Macdonald of Gwaenysgor', 'George Mathers, 1st Baron Macdonald of Gwaenysgor', 'George Mathers, 1st Baron Macdonald of Gwaenysgor', 'George Mathers, 1st Baron Macdonald of Gwaenysgor', 'George Mathers, 1st Baron Macdonald of Gwaenysgor', 'George Mathers, 1st Baron Macdonald of Gwaenysgor', 'George Mathers, 1st Baron Macdonald of Gwaenysgor', 'George Mathers, 1st Baron Macdonald of Gwaenysgor', 'George Mathers, 1st Baron Macdonald of Gwaenysgor', 'George Mathers, 1st Baron Macdonald of Gwaenysgor', 'George Mathers, 1st Baron Macdonald of Gwaenysgor', 'George Mathers, 1st Baron Macdonald of Gwaenysgor', 'George Mathers, 1st Baron Macdonald of Gwaenysgor', 'George Mathers, 1st Baron Macdonald of Gwaenysgor', 'George Mathers, 1st Baron Macdonald of Gwaenysgor', 'George Mathers, 1st Baron Macdonald of Gwaenysgor', 'George Mathers, 1st Baron Macdonald of Gwaenysgor', 'George Mathers, 1st Baron Macdonald of Gwaenysgor', 'George Mathers, 1st Baron Macdonald of Gwaenysgor', 'George Mathers, 1st Baron Macdonald of Gwaenysgor', 'George Mathers, 1st Baron Macdonald of Gwaenysgor', 'George Mathers, 1st Baron Macdonald of Gwaenysgor', 'George Mathers, 1st Baron Macdonald of Gwaenysgor', 'George Mathers, 1st Baron Macdonald of Gwaenysgor', 'George Mathers, 1st Baron Macdonald of Gwaenysgor', 'George Mathers, 1st Baron Macdonald of Gwaenysgor', 'George Mathers, 1st Baron Macdonald of Gwaenysgor', 'George Mathers, 1st Baron Macdonald of Gwaenysgor', 'George Mathers, 1st Baron Macdonald of Gwaenysgor', 'George Mathers, 1st Baron Macdonald of Gwaenysgor', 'George Mathers, 1st Baron Macdonald of Gwaenysgor', 'George Mathers, 1st Baron Macdonald of Gwaenysgor', 'George Mathers, 1st Baron Macdonald of Gwaenysgor', 'George Mathers, 1st Baron Macdonald of Gwaenysgor', 'George Mathers, 1st Baron Macdonald of Gwaenysgor', 'George Mathers, 1st Baron Macdonald of Gwaenysgor', 'George Mathers, 1st Baron Macdonald of Gwaenysgor', 'George Mathers, 1st Baron Macdonald of Gwaenysgor', 'George Mathers, 1st Baron Macdonald of Gwaenysgor', 'George Mathers, 1st Baron Macdonald of Gwaenysgor', 'George Mathers, 1st Baron Macdonald of Gwaenysgor', 'George Mathers, 1st Baron Macdonald of Gwaenysgor', 'George Mathers, 1st Baron Macdonald of Gwaenysgor', 'George Mathers, 1st Baron Macdonald of Gwaenysgor', 'George Mathers, 1st Baron Macdonald of Gwaenysgor', 'George Mathers, 1st Baron Macdonald of Gwaenysgor', 'George Mathers, 1st Baron Macdonald of Gwaenysgor', 'George Mathers, 1st Baron Macdonald of Gwaenysgor', 'George Mathers, 1st Baron Macdonald of Gwaenysgor', 'George Mathers, 1st Baron Macdonald of Gwaenysgor', 'George Mathers, 1st Baron Macdonald of Gwaenysgor', 'George Mathers, 1st Baron Macdonald of Gwaenysgor', 'George Mathers, 1st Baron Macdonald of Gwaenysgor', 'George Mathers, 1st Baron Macdonald of Gwaenysgor', 'George Mathers, 1st Baron Macdonald of Gwaenysgor', 'George Mathers, 1st Baron Macdonald of Gwaenysgor', 'George Mathers, 1st Baron Macdonald of Gwaenysgor', 'George Mathers, 1st Baron Macdonald of Gwaenysgor', 'George Mathers, 1st Baron Macdonald of Gwaenysgor', 'George Mathers, 1st Baron Macdonald of Gwaenysgor', 'George Mathers, 1st Baron Macdonald of Gwaenysgor', 'George Mathers, 1st Baron Macdonald of Gwaenysgor', 'George Mathers, 1st Baron Macdonald of Gwaenysgor', 'George Mathers, 1st Baron Macdonald of Gwaenysgor', 'George Mathers, 1st Baron Macdonald of Gwaenysgor', 'George Mathers, 1st Baron Macdonald of Gwaenysgor', 'George Mathers, 1st Baron Macdonald of Gwaenysgor', 'George Mathers, 1st Baron Macdonald of Gwaenysgor', 'George Mathers, 1st Baron Macdonald of Gwaenysgor', 'George Mathers, 1st Baron Macdonald of Gwaenysgor', 'George Mathers, 1st Baron Macdonald of Gwaenysgor', 'George Mathers, 1st Baron Macdonald of Gwaenysgor', 'George Mathers, 1st Baron Macdonald of Gwaenysgor', 'George Mathers, 1st Baron Macdonald of Gwaenysgor', 'George Mathers, 1st Baron Macdonald of Gwaenysgor', 'George Mathers, 1st Baron Macdonald of Gwaenysgor', 'George Mathers, 1st Baron Macdonald of Gwaenysgor', 'George Mathers, 1st Baron Macdonald of Gwaenysgor', 'George Mathers, 1st Baron Macdonald of Gwaenysgor', 'George Mathers, 1st Baron Macdonald of Gwaenysgor', 'George Mathers, 1st Baron Macdonald of Gwaenysgor', 'George Mathers, 1st Baron Macdonald of Gwaenysgor', 'George Mathers, 1st Baron Macdonald of Gwaenysgor', 'George Mathers, 1st Baron Macdonald of Gwaenysgor', 'George Mathers, 1st Baron Macdonald of Gwaenysgor', 'George Mathers, 1st Baron Macdonald of Gwaenysgor', 'George Mathers, 1st Baron Macdonald of Gwaenysgor', 'George Mathers, 1st Baron Macdonald of Gwaenysgor', 'George Mathers, 1st Baron Macdonald of Gwaenysgor', 'George Mathers, 1st Baron Macdonald of Gwaenysgor', 'George Mathers, 1st Baron Macdonald of Gwaenysgor', 'George Mathers, 1st Baron Macdonald of Gwaenysgor', 'George Mathers, 1st Baron Macdonald of Gwaenysgor', 'George Mathers, 1st Baron Macdonald of Gwaenysgor', 'George Mathers, 1st Baron Macdonald of Gwaenysgor', 'George Mathers, 1st Baron Macdonald of Gwaenysgor', 'George Mathers, 1st Baron Macdonald of Gwaenysgor', 'George Mathers, 1st Baron Macdonald of Gwaenysgor', 'George Mathers, 1st Baron Macdonald of Gwaenysgor', 'George Mathers, 1st Baron Macdonald of Gwaenysgor', 'George Mathers, 1st Baron Macdonald of Gwaenysgor', 'George Mathers, 1st Baron Macdonald of Gwaenysgor', 'George Mathers, 1st Baron Macdonald of Gwaenysgor', 'George Mathers, 1st Baron Macdonald of Gwaenysgor', 'George Mathers, 1st Baron Macdonald of Gwaenysgor', 'George Mathers, 1st Baron Macdonald of Gwaenysgor', 'George Mathers, 1st Baron Macdonald of Gwaenysgor', 'George Mathers, 1st Baron Macdonald of Gwaenysgor', 'George Mathers, 1st Baron Macdonald of Gwaenysgor', 'George Mathers, 1st Baron Macdonald of Gwaenysgor', 'George Mathers, 1st Baron Macdonald of Gwaenysgor', 'George Mathers, 1st Baron Macdonald of Gwaenysgor', 'George Mathers, 1st Baron Macdonald of Gwaenysgor', 'George Mathers, 1st Baron Macdonald of Gwaenysgor', 'George Mathers, 1st Baron Macdonald of Gwaenysgor', 'George Mathers, 1st Baron Macdonald of Gwaenysgor', 'George Mathers, 1st Baron Macdonald of Gwaenysgor', 'George Mathers, 1st Baron Macdonald of Gwaenysgor', 'George Mathers, 1st Baron Macdonald of Gwaenysgor', 'George Mathers, 1st Baron Macdonald of Gwaenysgor', 'George Mathers, 1st Baron Macdonald of Gwaenysgor', 'George Mathers, 1st Baron Macdonald of Gwaenysgor', 'George Mathers, 1st Baron Macdonald of Gwaenysgor', 'George Mathers, 1st Baron Macdonald of Gwaenysgor', 'George Mathers, 1st Baron Macdonald of Gwaenysgor', 'George Mathers, 1st Baron Macdonald of Gwaenysgor', 'George Mathers, 1st Baron Macdonald of Gwaenysgor', 'George Mathers, 1st Baron Macdonald of Gwaenysgor', 'George Mathers, 1st Baron Macdonald of Gwaenysgor', 'George Mathers, 1st Baron Macdonald of Gwaenysgor', 'George Mathers, 1st Baron Macdonald of Gwaenysgor', 'George Mathers, 1st Baron Macdonald of Gwaenysgor', 'George Mathers, 1st Baron Macdonald of Gwaenysgor', 'George Mathers, 1st Baron Macdonald of Gwaenysgor', 'George Mathers, 1st Baron Macdonald of Gwaenysgor', 'George Mathers, 1st Baron Macdonald of Gwaenysgor', 'George Mathers, 1st Baron Macdonald of Gwaenysgor', 'George Mathers, 1st Baron Macdonald of Gwaenysgor', 'George Mathers, 1st Baron Macdonald of Gwaenysgor', 'George Mathers, 1st Baron Macdonald of Gwaenysgor', 'George Mathers, 1st Baron Macdonald of Gwaenysgor', 'George Mathers, 1st Baron Macdonald of Gwaenysgor', 'George Mathers, 1st Baron Macdonald of Gwaenysgor', 'George Mathers, 1st Baron Macdonald of Gwaenysgor', 'George Mathers, 1st Baron Macdonald of Gwaenysgor', 'George Mathers, 1st Baron Macdonald of Gwaenysgor', 'George Mathers, 1st Baron Macdonald of Gwaenysgor', 'George Mathers, 1st Baron Macdonald of Gwaenysgor', 'George Mathers, 1st Baron Macdonald of Gwaenysgor', 'George Mathers, 1st Baron Macdonald of Gwaenysgor', 'George Mathers, 1st Baron Macdonald of Gwaenysgor', 'George Mathers, 1st Baron Macdonald of Gwaenysgor', 'George Mathers, 1st Baron Macdonald of Gwaenysgor', 'George Mathers, 1st Baron Macdonald of Gwaenysgor', 'George Mathers, 1st Baron Macdonald of Gwaenysgor', 'George Mathers, 1st Baron Macdonald of Gwaenysgor', 'George Mathers, 1st Baron Macdonald of Gwaenysgor', 'George Mathers, 1st Baron Macdonald of Gwaenysgor', 'George Mathers, 1st Baron Macdonald of Gwaenysgor', 'George Mathers, 1st Baron Macdonald of Gwaenysgor', 'George Mathers, 1st Baron Macdonald of Gwaenysgor', 'George Mathers, 1st Baron Macdonald of Gwaenysgor', 'George Mathers, 1st Baron Macdonald of Gwaenysgor', 'George Mathers, 1st Baron Macdonald of Gwaenysgor', 'George Mathers, 1st Baron Macdonald of Gwaenysgor', 'George Mathers, 1st Baron Macdonald of Gwaenysgor', 'George Mathers, 1st Baron Macdonald of Gwaenysgor', 'George Mathers, 1st Baron Macdonald of Gwaenysgor', 'George Mathers, 1st Baron Macdonald of Gwaenysgor', 'George Mathers, 1st Baron Macdonald of Gwaenysgor', 'George Mathers, 1st Baron Macdonald of Gwaenysgor', 'George Mathers, 1st Baron Macdonald of Gwaenysgor', 'George Mathers, 1st Baron Macdonald of Gwaenysgor', 'George Mathers, 1st Baron Macdonald of Gwaenysgor', 'George Mathers, 1st Baron Macdonald of Gwaenysgor', 'George Mathers, 1st Baron Macdonald of Gwaenysgor', 'George Mathers, 1st Baron Macdonald of Gwaenysgor', 'George Mathers, 1st Baron Macdonald of Gwaenysgor', 'George Mathers, 1st Baron Macdonald of Gwaenysgor', 'George Mathers, 1st Baron Macdonald of Gwaenysgor', 'George Mathers, 1st Baron Macdonald of Gwaenysgor', 'George Mathers, 1st Baron Macdonald of Gwaenysgor', 'George Mathers, 1st Baron Macdonald of Gwaenysgor', 'George Mathers, 1st Baron Macdonald of Gwaenysgor', 'George Mathers, 1st Baron Macdonald of Gwaenysgor', 'George Mathers, 1st Baron Macdonald of Gwaenysgor', 'George Mathers, 1st Baron Macdonald of Gwaenysgor', 'George Mathers, 1st Baron Macdonald of Gwaenysgor', 'George Mathers, 1st Baron Macdonald of Gwaenysgor', 'George Mathers, 1st Baron Macdonald of Gwaenysgor', 'George Mathers, 1st Baron Macdonald of Gwaenysgor', 'George Mathers, 1st Baron Macdonald of Gwaenysgor', 'George Mathers, 1st Baron Macdonald of Gwaenysgor', 'George Mathers, 1st Baron Macdonald of Gwaenysgor', 'George Mathers, 1st Baron Macdonald of Gwaenysgor', 'George Mathers, 1st Baron Macdonald of Gwaenysgor', 'George Mathers, 1st Baron Macdonald of Gwaenysgor', 'George Mathers, 1st Baron Macdonald of Gwaenysgor', 'George Mathers, 1st Baron Macdonald of Gwaenysgor', 'George Mathers, 1st Baron Macdonald of Gwaenysgor', 'George Mathers, 1st Baron Macdonald of Gwaenysgor', 'George Mathers, 1st Baron Macdonald of Gwaenysgor', 'George Mathers, 1st Baron Macdonald of Gwaenysgor', 'George Mathers, 1st Baron Macdonald of Gwaenysgor', 'George Mathers, 1st Baron Macdonald of Gwaenysgor', 'George Mathers, 1st Baron Macdonald of Gwaenysgor', 'George Mathers, 1st Baron Macdonald of Gwaenysgor', 'George Mathers, 1st Baron Macdonald of Gwaenysgor', 'George Mathers, 1st Baron Macdonald of Gwaenysgor', 'George Mathers, 1st Baron Macdonald of Gwaenysgor', 'George Mathers, 1st Baron Macdonald of Gwaenysgor', 'George Mathers, 1st Baron Macdonald of Gwaenysgor', 'George Mathers, 1st Baron Macdonald of Gwaenysgor', 'George Mathers, 1st Baron Macdonald of Gwaenysgor', 'George Mathers, 1st Baron Macdonald of Gwaenysgor', 'George Mathers, 1st Baron Macdonald of Gwaenysgor', 'George Mathers, 1st Baron Macdonald of Gwaenysgor', 'George Mathers, 1st Baron Macdonald of Gwaenysgor', 'George Mathers, 1st Baron Macdonald of Gwaenysgor', 'George Mathers, 1st Baron Macdonald of Gwaenysgor', 'George Mathers, 1st Baron Macdonald of Gwaenysgor', 'George Mathers, 1st Baron Macdonald of Gwaenysgor', 'George Mathers, 1st Baron Macdonald of Gwaenysgor', 'George Mathers, 1st Baron Macdonald of Gwaenysgor', 'George Mathers, 1st Baron Macdonald of Gwaenysgor', 'George Mathers, 1st Baron Macdonald of Gwaenysgor', 'George Mathers, 1st Baron Macdonald of Gwaenysgor', 'George Mathers, 1st Baron Macdonald of Gwaenysgor', 'George Mathers, 1st Baron Macdonald of Gwaenysgor', 'George Mathers, 1st Baron Macdonald of Gwaenysgor', 'George Mathers, 1st Baron Macdonald of Gwaenysgor', 'George Mathers, 1st Baron Macdonald of Gwaenysgor', 'George Mathers, 1st Baron Macdonald of Gwaenysgor', 'George Mathers, 1st Baron Macdonald of Gwaenysgor', 'George Mathers, 1st Baron Macdonald of Gwaenysgor', 'George Mathers, 1st Baron Macdonald of Gwaenysgor', 'George Mathers, 1st Baron Macdonald of Gwaenysgor', 'George Mathers, 1st Baron Macdonald of Gwaenysgor', 'George Mathers, 1st Baron Macdonald of Gwaenysgor', 'George Mathers, 1st Baron Macdonald of Gwaenysgor', 'George Mathers, 1st Baron Macdonald of Gwaenysgor', 'George Mathers, 1st Baron Macdonald of Gwaenysgor', 'George Mathers, 1st Baron Macdonald of Gwaenysgor', 'George Mathers, 1st Baron Macdonald of Gwaenysgor', 'George Mathers, 1st Baron Macdonald of Gwaenysgor', 'George Mathers, 1st Baron Macdonald of Gwaenysgor', 'George Mathers, 1st Baron Macdonald of Gwaenysgor', 'George Mathers, 1st Baron Macdonald of Gwaenysgor', 'George Mathers, 1st Baron Macdonald of Gwaenysgor', 'George Mathers, 1st Baron Macdonald of Gwaenysgor', 'George Mathers, 1st Baron Macdonald of Gwaenysgor', 'George Mathers, 1st Baron Macdonald of Gwaenysgor', 'George Mathers, 1st Baron Macdonald of Gwaenysgor', 'George Mathers, 1st Baron Macdonald of Gwaenysgor', 'George Mathers, 1st Baron Macdonald of Gwaenysgor', 'George Mathers, 1st Baron Macdonald of Gwaenysgor', 'George Mathers, 1st Baron Macdonald of Gwaenysgor', 'George Mathers, 1st Baro","[1935, 1936, 1937, 1938, 1939, 1940, 1941, 1942]"
660,1991,[1991]
670,"2001', '2002', '2003', '2004', '2005","[2001, 2002, 2003, 2004, 2005]"
680,1999,[1999]
690,"1992', '1993', '1994', '1995', '1996', '1997","[1992, 1993, 1994, 1995, 1996, 1997]"
700,1993,[1993]
710,"1979', '1980', '1981', '1982","[1979, 1980, 1981, 1982]"
720,1994,[1994]
730,1974,[1974]
740,"1997', '2000', '2001', '2004', '2009', '2010', '2014', '2016","[2016, 1997, 2000, 2001, 2004, 2009, 2010, 2014]"
750,1990,[1990]
760,1998,[1998]
770,1998,[1998]
780,1986,[1986]
790,1972,[1972]
800,1992,[1992]
810,1883,[1883]
820,1973,[1973]
830,"2001', '2002', '2003', '2004', '2005","[2001, 2002, 2003, 2004, 2005]"
840,"1954', '1982","[1954, 1955, 1956, 1957, 1958, 1959, 1960, 1961, 1962, 1963, 1964, 1965, 1966, 1967, 1968, 1969, 1970, 1971, 1972, 1973, 1974, 1975, 1976, 1977, 1978, 1979, 1980, 1981, 1982]"
850,"2000', '2001', '2002","[2000, 2001, 2002]"
860,"1928', '1929', '1930', '1931', '1932","[1928, 1929, 1930, 1931, 1932]"
870,"1979', '1980', '1981', '1982', '1983","[1979, 1980, 1981, 1982, 1983]"
880,2001,[2001]
890,"1980-1984', '1984-1988', '1988-1992', '1992-1995', '1995-1999","[1980, 1981, 1982, 1983, 1984, 1985, 1986, 1987, 1988, 1989, 1990, 1991, 1992, 1993, 1994, 1995, 1996, 1997, 1998, 1999]"
900,"2008', '2009', '2010', '2011","[2008, 2009, 2010, 2011]"
910,1910,[1910]
920,"2010', '2011', '2012', '2013', '2014', '2015', '2016","[2016, 2010, 2011, 2012, 2013, 2014, 2015]"
930,"1978', '1979', '1980","[1978, 1979, 1980]"
940,"1966', '1967', '1968', '1969', '1970","[1966, 1967, 1968, 1969, 1970]"
950,"1999', '2000', '2001', '2002', '2003', '2004', '2005', '2006', '2007', '2008', '2009', '2010', '2011', '2012', '2013', '2014', '2015', '2016","[2016, 1999, 2000, 2001, 2002, 2003, 2004, 2005, 2006, 2007, 2008, 2009, 2010, 2011, 2012, 2013, 2014, 2015]"
960,1965,[1965]
970,1969,[1969]
980,"1979', '1980","[1979, 1980]"
990,"1904', '1905', '1906', '1907', '1908', '1909', '1910', '1911', '1912', '1913', '1914', '1915', '1916', '1917', '1918', '1919', '1920', '1921', '1922', '1923', '1924', '1925","[1920, 1921, 1922, 1923, 1924, 1925, 1904, 1905, 1906, 1907, 1908, 1909, 1910, 1911, 1912, 1913, 1914, 1915, 1916, 1917, 1918, 1919]"
