0,"'Dida', 'Walter de Souza Goulart', 'Ricardinho', 'Ederson Honorato Campos', 'Tim', 'Léo Lima', 'Marinho Peres', 'Robertinho', 'Bismarck Barreto Faria', 'Carlos Eduardo Marques', 'Danival', 'Fabiano Pereira', 'Luís Fabiano', 'Fábio Costa', 'José Kléberson', 'Humberto Tozzi', 'Paulo Almeida', 'Sonny Anderson', 'Doriva', 'Marcelinho Paulista', 'Paulo Cézar Caju', 'Leonardo da Silva Moura', 'Vavá', 'Cássio Alves de Barros', 'Hércules de Miranda', 'Sylvio Hoffmann', 'Everaldo', 'Ricardo Lucas', 'João Soares Almeida Filho', 'Dyego Coelho', 'Argemiro', 'Bruno Uvini', 'Oscarino Costa Silva', 'Paulo César Batista', 'Edevaldo de Freitas', 'Ewerthon', 'Maurício de Oliveira Anastácio', 'Jucilei', 'Fábio Simplício', 'Quarentinha', 'André Santos', 'André Catimba', 'Zetti', 'José Marcelo Ferreira', 'Evair Aparecido Paulino', 'Cláudio Taffarel', 'Palhinha', 'Zé Elias', 'Dedimar Souza Lima', 'Alex Sandro da Silva'","['Giovane Élber', 'Ricardo Soares Florêncio', 'Daniel da Silva', 'Mauro Sérgio Viriato Mendes', 'Rogério Fidélis Régis', 'Romário', 'André Cruz', 'Thiago Motta', 'Marcelinho Carioca', 'Dida', 'Kléber de Souza Freitas', 'Émerson Carvalho da Silva', 'Célio Silva do Nascimento', 'Luiz Bombonato Goulart', 'Leonardo Lourenço Bastos', 'Sylvinho', 'Oséas Reis dos Santos', 'Djalma Feitosa Dias', 'Paulo César Arruda Parente', 'Roberto Carlos', 'Gilberto Ribeiro Gonçalves', 'César Belli', 'Cláudio Taffarel', 'Juninho Paulista', 'Jenílson Ângelo de Souza', 'Marco Aurélio de Oliveira', 'Lúcio', 'Luís Fabiano', 'Doriva', 'Zé Roberto', 'Leandro Amaral', 'Euller Elias de Carvalho', 'Marcos Assunção', 'Roniéliton Pereira Santos', 'Sergio Claudio dos Santos', 'Diego Ribas da Cunha', 'Sérgio Manoel', 'Marcos Paulo', 'Felipe Jorge Loureiro', 'César Aparecido Rodrigues', 'Müller', 'Lúcio Carlos Cajueiro Souza', 'Júnior Baiano', 'Iranildo', 'Ronaldinho', 'Nilmar', 'Ricardo Lucas', 'Fábio Luciano', 'Mineiro', 'Vágner Rogério Nunes', 'Aldair', 'Robinho', 'Ronaldo', 'César Sampaio', 'Mauro Silva', 'José Marcelo Ferreira', 'Carlos Germano', 'Cris', 'Kaká', 'Fábio Rochemback', 'Ramon Menezes', 'Fábio Deivson Lopes Maciel', 'Magno Alves', 'Marcelinho Paraíba', 'Arílson', 'Françoaldo Sena de Souza', 'Paulo Nunes', 'Souza', 'Giovanni Silva de Oliveira', 'Juliano Belletti', 'Ewerthon', 'Paulo César Tinga', 'Marcelo Gonçalves Costa Lopes', 'Emerson Ferreira da Rosa', 'Zetti', 'Rafael Scheidt', 'Alessandro Cambalhota', 'Heurelho Gomes', 'André Luiz Moreira', 'Alexandre da Silva Mariano', 'Flávio Conceição', 'Juninho el rifle Pernambucano', 'Odvan', 'Dunga', 'Fabiano Pereira', 'Kléber de Carvalho Corrêa', 'Gilberto Silva', 'Maicon Douglas Sisenando', 'Jackson', 'Christian Corrêa Dionisio', 'Fernando Menegazzo', 'Evanílson Aparecido Ferreira', 'Caio Ribeiro', 'Adriano Correia Claro', 'Silvio Luiz Oliveira de Paula', 'Léomar Leiria', 'Warley Silva dos Santos', 'Robert de Pinho de Souza', 'Jean Carlo Witte', 'Edílson', 'Athirson Mazolli e Oliveira', 'Joubert Araújo Martins', 'Rivaldo', 'Leandro Ávila', 'Júlio Baptista', 'Carlos Augusto Rodrigues', 'Mário Jardel', 'Alessandro da Conceição Pinto', 'Renaldo Lopes da Cruz', 'Luisão', 'Juan Silveira dos Santos', 'Antônio Carlos Zago', 'Leandro Machado', ""Ilan Araújo Dall'Igna"", 'Fábio Costa', 'Donizete Oliveira', 'Fábio Júnior', 'Adriano Gabiru', 'Alexandre Lopes', 'Renato Dirnei Florêncio', 'Leonardo Araújo', 'Edu Dracena', 'Dyego Coelho', 'Robert da Silva Almeida', 'Vampeta', 'Alex Rodrigo Dias da Costa', 'Zinho', 'Paulo Jamelli', 'Sonny Anderson', 'Léo Lima', 'Marques Batista de Abreu', 'Gustavo Nery de Sá da Silva', 'Bebeto', 'José Carlos de Almeida', 'Guilherme de Cássio Alves', 'Ricardinho', 'Eduardo Costa', 'Carlos Alberto de Jesus', 'João Carlos dos Santos', 'Raí', 'Lucas Severino', 'Zé Elias', 'Gilberto da Silva Melo', 'Osmar Donizete Cândido', 'Roque Júnior', 'César Prates', 'Rodrigo Fabri', 'Denílson de Oliveira Araújo', 'Sávio', 'Alexsandro de Souza', 'André Luís Garcia', 'Luiz Alberto da Silva Oliveira', 'Adriano', 'Djair Kaye de Brito', 'Anderson Alves da Silva', 'Clemerson de Araújo Soares', 'Cléber Américo da Conceição', 'Roger Machado Marques', 'Flávio Pinto de Souza', 'Geovanni Deiberson Maurício', 'Edmílson', 'Paulo Almeida', 'Nádson Rodrigues de Souza', 'Washington Stecanela Cerqueira', 'José Kléberson', 'Luís Eduardo Schmidt', 'Cafu', 'Caçapa', 'Márcio Amoroso', 'Márcio Roberto dos Santos', 'Edmundo']"
10,"'Leverett Saltonstall', 'Milton Horace West', 'Charles Russell Clason', 'Bert H. Miller'","['Charles Russell Clason', 'Leverett Saltonstall', 'Bert H. Miller', 'Louis E. Graham', 'Thomas Jefferson Murray', 'Milton Horace West']"
20," 'John Wilkinson', 'Cheryl Gillan', 'Julian Brazier', 'Martin McGuinness', 'Jon Cruddas', 'John Butterfill', 'Jim Knight', 'Brian Sedgemore', 'Christine McCafferty', 'Ann Cryer', 'John Redwood', 'John MacDougall', 'Rosie Winterton', 'Andy Reed', 'Peter Viggers', 'Kevin Hughes', 'Michael Spicer, Baron Spicer', 'Kevin McNamara', 'Hugo Swire', 'David Ruffley', 'Richard Allan, Baron Allan of Hallam', 'Sarah Teather', 'Janet Anderson', 'Angela Eagle', 'Stephen Hesford', 'George Galloway', 'Brian Donohoe', 'John Cummings', 'Mark Simmonds', 'Richard Ottaway', 'Michael Lord', 'Andrew Selous', 'Clive Soley, Baron Soley', 'Gillian Shephard', 'Gary Streeter', 'Frank Doran', 'Anne Begg', 'Norman Lamb', 'Melanie Johnson', 'David Davis', 'Dari Taylor', 'Michael Moore', 'David Winnick', 'Jack Straw', 'Khalid Mahmood', 'Sandra Osborne', 'Denis MacShane', 'Nick Brown', 'Mike Hall', 'Jim Dobbin'","['Robert Key', 'Roger Berry', 'Stephen Hepburn', 'Nigel Evans', 'Gareth Thomas', 'Kevin Hughes', 'Norman Baker', 'Tony Banks, Baron Stratford', 'David Laws', 'Eric Illsley', 'Phil Hope', 'Sir Robert Smith', 'David Drew', 'Kevan Jones', 'Tim Yeo', 'Michael Lord', ""Mike O'Brien"", 'Charles Hendry', 'David Miliband', 'Eddie McGrady', 'Mark Tami', 'Vera Baird', 'David Taylor', 'Andrew Stunell', 'Alan Whitehead', 'Martin Linton', 'Howard Flight', 'Andrew Hunter', 'Peter Mandelson', 'John Cummings', 'Nicholas Winterton', 'Ronnie Campbell', 'Andrew Bennett', 'Nick Ainger', 'Tony Baldry', 'Dominic Grieve', 'John McFall, Baron McFall of Alcluith', 'Patrick Cormack, Baron Cormack', 'Michael Moore', 'Margaret Beckett', 'Edward Leigh', 'Nigel Jones, Baron Jones of Cheltenham', 'Bill Wiggin', 'Archie Norman', 'Gerald Howarth', 'Jack Straw', 'David Lammy', 'Eric Forth', 'Peter Pike', 'Angela Watkinson', 'Elfyn Llwyd', 'Tony Wright', 'Humfrey Malins', 'Rachel Squire', 'Barry Gardiner', 'Chris Bryant', 'Richard Allan, Baron Allan of Hallam', 'Phyllis Starkey', 'Mark Hoban', 'Jim Murphy', 'John Horam', 'John Gummer', 'Brian Wilson', 'John Austin', 'Damian Green', 'Caroline Spelman', 'Quentin Davies, Baron Davies of Stamford', 'Francis Maude', 'Tony McWalter', 'Gregory Campbell', 'Derek Foster, Baron Foster of Bishop Auckland', 'Jeffrey Ennis', 'Helen Southworth', 'Sandra Gidley', 'Owen Paterson', 'Jean Corston, Baroness Corston', 'Bob Spink', 'Michael Portillo', 'Ann McKechin', 'Liam Fox', 'Joe Benton', 'Richard Caborn', 'Michael Connarty', 'Patricia Hewitt', 'Alan Simpson', 'Bill Olner', 'Joan Ruddock', 'Siôn Simon', 'Tony Blair', 'Anne McGuire', 'Frank Cook', 'Greg Pope', 'Alan Duncan', 'Ian Taylor', 'Alan Campbell', 'Alan Johnson', 'Don Touhig', 'Roger Gale', 'Doug Naysmith', 'Tony McNulty', 'Elliot Morley', 'Win Griffiths', 'Peter Atkinson', 'Ivan Lewis', 'Keith Simpson', 'Hywel Francis', 'Adam Ingram', 'Chris Mullin', 'Sarah Teather', 'Paul Flynn', 'Gwyn Prosser', 'Andrew Smith', 'Sir George Young', 'Phil Willis, Baron Willis of Knaresborough', 'Jonathan Djanogly', 'Julie Morgan', 'David Hanson', 'Mark Lazarowicz', 'Oliver Heald', 'Martin McGuinness', 'Michael Trend', 'Brian Sedgemore', 'Ian McCartney', 'Dennis Turner, Baron Bilston', 'Peter Kilfoyle', 'Michael Wills', 'John Bercow', 'Peter Lilley', 'Denis MacShane', 'Gordon Prentice', 'David Willetts', 'Bill Cash', 'Tessa Jowell', 'Gillian Shephard', 'Shaun Woodward', 'Ian Pearson', 'Sally Keeble', 'Harriet Harman', 'Christine McCafferty', 'Andy Reed', 'Dennis Skinner', 'Boris Johnson', 'Tony Lloyd', 'Keith Vaz', 'John MacDougall', 'Gavin Strang', 'Ed Davey', 'Angela Eagle', 'Claire Ward', 'Douglas Hogg', 'David Hinchliffe', 'Mark Simmonds', 'Mark Fisher', 'Iain Wright', 'Paddy Tipping', 'Stuart Bell', 'John Baron', 'Mark Todd', 'Helen Jackson', 'Greg Knight', 'Lembit Öpik', 'Vince Cable', 'Andrew Tyrie', 'David Lepper', 'Ian Paisley', 'Donald Anderson, Baron Anderson of Swansea', 'Clive Soley, Baron Soley', 'Jon Owen Jones', 'Stephen Pound', 'Bernard Jenkin', 'Crispin Blunt', 'Kenneth Clarke', 'Michael Martin', 'Mike Gapes', 'Michael Meacher', 'Nick Brown', 'Seamus Mallon', 'Julian Brazier', 'Betty Williams', 'Matthew Taylor, Baron Taylor of Goss Moor', 'Martin Smyth', 'David Clelland', 'John Healey', 'Fabian Hamilton', 'Phil Woolas', 'John Reid, Baron Reid of Cardowan', 'David Trimble', 'Diane Abbott', 'Frank Field', ""Edward O'Hara"", 'James Clappison', 'James Plaskitt', 'John Cryer', 'Angus Robertson', 'Glenda Jackson', 'Hugh Bayley', 'Nick Raynsford', 'Hazel Blears', 'David Tredinnick', 'Jon Cruddas', 'Bob Marshall-Andrews', 'Robert Walter', 'Henry Bellingham', 'David Ruffley', 'Stephen Ladyman', 'Terry Davis', 'Tom Clarke', 'Archy Kirkwood, Baron Kirkwood of Kirkhope', 'Nigel Griffiths', 'Clive Betts', 'Edward Garnier', 'Tom Harris', 'Pat Doherty', 'Tom Cox', 'George Foulkes, Baron Foulkes of Cumnock', ""Bill O'Brien"", 'Jeremy Corbyn', 'Martyn Jones', 'Bob Ainsworth', 'Malcolm Moss', 'Helen Jones', 'Jacqui Lait', 'Gregory Barker', 'John Smith', 'Bob Wareing', ""Stephen O'Brien"", 'Tom Levitt', 'David Heath', 'Andrew Robathan', 'John Pugh', 'Tommy McAvoy', 'Angela Browning', 'Stephen Byers', 'Bob Blizzard', 'Alan Williams', 'David Wilshire', 'Caroline Flint', 'Gerald Kaufman', 'Michael Howard', 'Tim Boswell', 'Jim Knight', 'Paul Stinchcombe', 'Michelle Gildernew', 'Derek Wyatt', 'Yvette Cooper', 'Nicholas Soames', 'Sylvia Hermon', 'John McWilliam', 'Eleanor Laing', 'Nigel Waterson', 'Pete Wishart', 'Bill Etherington', 'Jenny Tonge, Baroness Tonge', 'Angela Smith, Baroness Smith of Basildon', 'Austin Mitchell', 'Dawn Primarolo', 'Sylvia Heal', 'Chris Leslie', 'James Cran', 'Kevin Barron', 'George Osborne', 'Chris Grayling', 'Nigel Dodds', 'Philip Hammond', 'Annette Brooke', 'Chris Ruane', 'Simon Thomas', 'Alice Mahon', 'Ben Bradshaw', 'Peter Tapsell', 'Mike Wood', 'Linda Gilroy', 'Meg Munn', 'Hilary Armstrong', 'Jon Trickett', 'David Amess', 'John McDonnell', 'David Cameron', 'Roger Williams', 'Robin Cook', 'Jim Fitzpatrick', 'Jane Kennedy', 'John Burnett, Baron Burnett', 'Joan Walley', 'John Grogan', 'Alan Milburn', 'Jim Marshall', 'Jeffrey Donaldson', 'Dari Taylor', 'Alun Michael', 'Mike Hancock', 'Ann Winterton', 'Tony Cunningham', 'David Rendel', 'Mike Weir', 'Iris Robinson', 'David Maclean', 'Gordon Brown', 'Joan Ryan', 'Menzies Campbell', 'David Watts', 'Melanie Johnson', 'John Redwood', 'John Stanley', 'Clive Efford', 'Syd Rapson', 'John Denham', 'John Hume', 'Fiona Mactaggart', 'Frank Dobson', 'Don Foster', 'Andrew George', 'Andy Love', 'Tony Worthington', 'Margaret Hodge', 'William Hague', 'Richard Page', 'Steve McCabe', 'Paul Burstow', 'Andrew Lansley', 'David Cairns', 'Mike Hall', 'Dai Havard', 'Ann Widdecombe', 'John Hayes', 'Liam Byrne', 'Julian Lewis', 'Irene Adams, Baroness Adams of Craigielea', 'Albert Owen', 'Julie Kirkbride', 'Ernie Ross', 'John Maples, Baron Maples', 'Kevin McNamara', 'Terry Rooney', 'Geoffrey Clifton-Brown', 'Dan Norris', 'Oliver Letwin', 'Ross Cranston', 'Des Browne, Baron Browne of Ladyton', 'Derek Conway', 'Hywel Williams', 'Andrew Miller', 'Michael Clapham', 'Alan Meale', 'Lindsay Hoyle', 'Michael Mates', 'Richard Burden', 'Lynda Clark, Baroness Clark of Calton', 'Tim Collins', 'Joyce Quin, Baroness Quin', 'John Robertson', 'Ian Davidson', 'Eric Joyce', 'Douglas Alexander', 'Ann Taylor, Baroness Taylor of Bolton', 'Graham Stringer', 'Mark Oaten', 'Simon Hughes', 'Jacqui Smith', 'John Randall', 'Oona King', 'Estelle Morris, Baroness Morris of Yardley', 'Kelvin Hopkins', 'Eric Martlew', 'Anthony Steen', 'Andrew Murrison', 'Harry Cohen', 'Ian Liddell-Grainger', 'Stephen Twigg', 'Rosie Winterton', 'Tom Brake', 'John Hutton, Baron Hutton of Furness', 'Ann Cryer', 'David Davis', 'David Stewart', 'Maria Eagle', 'Marsha Singh', 'Roy Beggs', 'James Paice', 'Janet Anderson', 'Virginia Bottomley', 'Geraint Davies', 'John Greenway', 'Patrick Mercer', 'Gerry Steinberg', 'Hugo Swire', 'Huw Irranca-Davies', 'Barry Sheerman', 'Calum MacDonald', 'Mark Field', 'Lewis Moonie, Baron Moonie', 'Margaret Moran', 'David Crausby', 'Tim Loughton', 'John Butterfill', 'Jack Cunningham, Baron Cunningham of Felling', 'Neil Gerrard', 'Peter Viggers', 'Jim Dowd', 'Gerry Sutcliffe', 'Paul Beresford', 'Gillian Merron', 'Mark Prisk', 'Kevin Brennan', 'Alistair Carmichael', 'Michael John Foster', 'Piara Khabra', 'Peter Robinson', 'Karen Buck', 'Gordon Marsden', 'Stephen Timms', 'Richard Shepherd', 'Richard Ottaway', 'Jimmy Wray', 'Roger Casale', 'Jimmy Hood', 'Stephen Dorrell', 'Ken Purchase', 'Richard Bacon', 'Frank Doran', 'Mark Hendrick', 'Paul Boateng', 'Nick Gibb', 'Alan Keen', 'Alan Haselhurst', 'Sydney Chapman', 'Michael Fabricant', 'David Winnick', 'Michael Jack', 'Peter Hain', 'Eric Pickles', 'Norman Lamb', 'Annabelle Ewing', 'Desmond Swayne', 'David Chidgey, Baron Chidgey', 'Brian Mawhinney, Baron Mawhinney', 'Khalid Mahmood', 'Doug Henderson', 'Lynne Jones', 'Malcolm Wicks', 'Ann Keen', 'Patrick Hall', 'Graham Brady', 'Gisela Stuart', 'Paul Murphy', 'Nick Palmer', 'Anne Begg', 'Harry Barnes', 'Alex Salmond', 'Simon Burns', 'Jim Cunningham', 'Alistair Burt', 'Barbara Roche', 'James Arbuthnot', 'George Howarth', 'David Chaytor', 'Helen Liddell, Baroness Liddell of Coatdyke', 'John Battle', 'Bill Rammell', 'Nick Harvey', 'Graham Allen', 'Andrew Dismore', 'Bridget Prentice', 'Andrew Rosindell', 'Adam Price', 'Des Turner', 'Rudi Vis', 'Vernon Coaker', 'Wayne David', 'James Gray', 'Peter Ainsworth', 'Anne McIntosh', 'Cheryl Gillan', 'Peter Luff', 'John Wilkinson', 'Roger Godsiff', 'Chris Smith, Baron Smith of Finsbury', 'Stephen Hesford', 'Sandra Osborne', 'Denzil Davies', 'Michael Spicer, Baron Spicer', 'Gerry Adams', ""Martin O'Neill, Baron O'Neill of Clackmannan"", 'Tam Dalyell', 'Chris Mole', 'Peter Bottomley', 'David Blunkett', 'Gwyneth Dunwoody', 'Marion Roe', 'Patsy Calton', 'Brian White', 'Louise Ellman', 'Hugh Robertson', 'Bruce George', 'Charles Clarke', 'George Galloway', 'Liz Blackman', 'Iain Duncan Smith', 'Alan Howarth, Baron Howarth of Newport', 'Keith Bradley, Baron Bradley', 'David Curry', 'Laurence Robertson', 'Claire Curtis-Thomas', 'John Mark Taylor', 'James Purnell', 'Jim Dobbin', 'Siobhain McDonagh', 'John Mann', 'Hilary Benn', 'Derek Twigg', 'Paul Tyler, Baron Tyler', 'John Spellar', 'Steve Webb', 'Kate Hoey', 'Malcolm Bruce', 'Charles Kennedy', 'Geoffrey Robinson', 'Evan Harris', 'Christopher Chope', 'David Marshall', 'David Lidington', 'Brian Donohoe', 'Gary Streeter', 'John Thurso', 'Ruth Kelly', 'Keith Hill', 'Chaudhry Mohammad Sarwar', 'Paul Goggins', 'Brian Jenkins', 'Mark Francois', 'Teddy Taylor', 'John Whittingdale', 'Theresa May', 'Michael Fallon', 'Andrew Mitchell', 'Ian Lucas', 'Tom Watson', 'John Prescott', 'Clare Short', 'Barbara Follett', 'Andy Burnham', 'Ann Coffey', 'Patrick McLoughlin', 'Andrew Turner', 'George Mudie', 'David Heathcoat-Amory', 'David Atkinson', 'Richard Spring, Baron Risby', 'Andrew Selous', 'Martin Salter', 'Ashok Kumar', 'Andrew MacKay', 'Adrian Bailey', 'Robert V. Jackson', 'Ann Clwyd', 'Robert Syms', 'Martin Caton', 'Kim Howells', 'Paul Farrelly', 'John Heppell']"
30,Abstain,"['Fan Zhiyi', 'Lee Kendall', 'Paul Parry', 'Byron Anthony', 'Andy Campbell', 'Lee Bullock', 'Neil Alexander', 'Gareth Whalley', 'Joe Ledley', 'Willie Boland', 'Julian Gray', 'Alan Lee', 'Leon Jeanne', 'Jeff Eckhardt', 'Gareth Ainsworth', 'David Greene', 'Tony Sheridan', 'Scott McCulloch', 'James Harper', 'Kevin Aherne-Evans', 'Graham Kavanagh', 'Junichi Inamoto', 'Tony Warner', 'Rhys Weston', ""Gary O'Neil"", 'Cameron Jerome', 'John Robinson', 'Martyn Giles', 'Ceri Hughes', 'Tony Vidmar', 'Ryan Green', 'Robert Page', 'Peter Thorne', 'Kyle Lightbourne', 'Dean Gordon', 'Kurt Nogan', 'Chris Barker', 'Andy Legg', 'Danny Gabbidon', 'Gavin Gordon', 'Jason Bowen', 'David Hughes', 'Richard Langley', 'Kevin Nugent', 'James Collins', 'Gary Croft', 'Paul Brayson', 'Des Hamilton', 'Spencer Prior', 'Stephen Bywater', 'Stuart Fleetwood', 'Leyton Maxwell', 'Danny Hill', 'Andy Jordan', 'Steve Jenkins', 'Mark Walton', 'Darren Williams', 'Alan Mahon', 'Neil Harris', 'Carl Muggleton', 'Michael Simpkins', 'Jon Hallworth', 'Jobi McAnuff', 'Robert Codner', 'Leo Fortune-West', 'Martyn Margetson', 'Josh Low', 'Arran Lee-Barrett']"
40,"'Norman Thomson', 'Paul Benson', 'Jerel Ifil', 'Dave Bamber', 'George Rushton', 'James Milner', 'Paul Franklin', 'Stan Harland', 'Thomas Godfrey', 'Chris Jones'","['George Rushton', 'Herbert Lyon', 'Freddie Wheatcroft', 'Jimmy Kennedy', 'Billy Silto', 'Alex Downie', 'Arthur Capes', 'Thomas Birtles', 'Harry Erentz', 'Jimmy Hogan', 'Frank Becton', 'Fred Warburton', 'Cornelius Hogan', 'Alf Dean', 'Charlie Bannister', 'William Kirby', 'Tom Davies', 'Septimus Atterbury', 'Archibald Ritchie', 'Archie Ling', 'William Reynolds', 'Bob Jefferson', 'Peter Chambers']"
50,"'Armando Muñoz Calero', 'Camilo Alonso Vega', 'Pilar Primo de Rivera', 'Fernando María Castiella y Maíz', 'Ramón Serrano Suñer', 'Tomás Suñer Ferrer', 'Alfonso Pérez Viñeta', 'Miquel Mateu i Pla', 'Carlos Ollero Gómez', 'José Félix de Lequerica y Erquiza', 'Eduardo Aunós Pérez', 'Bartolomé Barba Hernández', 'Álvaro de Figueroa, 1st Count of Romanones', 'Manuel Halcón', 'José Millán Astray', 'Euloxio Gómez Franqueira', 'Víctor Hellín', 'Eduardo Navarro Álvarez', 'Luis Díez del Corral', 'Torcuato Luca de Tena', 'José Utrera Molina', 'José María Sánchez-Ventura Pascual', 'Gregorio Marañón Moya', 'Jesús Esperabé de Arteaga González', 'Leopoldo Calvo-Sotelo', 'Gabriel Cisneros', 'Miquel Mateu i Pla', 'Antoni Maria Simarro i Puig', 'José Clua Queixalós', 'Blas Piñar', 'Jaime Alba Delibes', 'Alfonso Pérez Viñeta', 'Alfonso Pérez Viñeta', 'Blas Tello', 'Blas Tello', 'Segismundo Royo-Villanova y Fernández-Cavada', 'Claudi Colomer i Marqués', 'Luis Ortiz Muñoz', 'José Finat y Escrivá de Romaní', 'Juan Antonio Samaranch', 'Armando Muñoz Calero', 'José Fernández-Villaverde', 'Blas Tello', 'José Maldonado y Fernández del Torco', 'Blas Tello', 'José María Sentís Simeón', 'Gregorio Marañón Moya', 'Luis Díez del Corral', 'Ángel González Álvarez', 'Pilar Primo de Rivera', 'Fernando María Castiella y Maíz', 'José Fernández-Villaverde', 'José Utrera Molina', 'Eduardo Aunós Pérez', 'Juan Antonio Samaranch', 'José Félix de Lequerica y Erquiza', 'Miquel Mateu i Pla', 'Leopoldo Calvo-Sotelo', 'Euloxio Gómez Franqueira', 'Ángel González Álvarez', 'Jaime Alba Delibes', 'Leopoldo Calvo-Sotelo', 'Torcuato Luca de Tena', 'Ramón Serrano Suñer', 'Víctor Hellín', 'Blas Tello', 'José Clua Queixalós', 'Miquel Mateu i Pla', 'Euloxio Gómez Franqueira', 'Bartolomé Barba Hernández', 'Pilar Primo de Rivera', 'José Utrera Molina', 'Gregorio Marañón Moya', 'Eduardo Aunós Pérez', 'Manuel Halcón', 'Camilo Alonso Vega', 'Alfonso Pérez Viñeta', 'Blas Tello', 'Jaime Alba Delibes', 'Luis Ortiz Muñoz', 'Miquel Mateu i Pla', 'Camilo Alonso Vega', 'Miquel Mateu i Pla', 'Alfonso Pérez Viñeta', 'José María Sentís Simeón', 'Claudi Colomer i Marqués', 'Leopoldo Calvo-Sotelo', 'Torcuato Luca de Tena', 'Euloxio Gómez Franqueira', 'Víctor Hellín', 'Alfonso Pérez Viñeta', 'Jaime Alba Delibes', 'Blas Piñar', 'Manuel Halcón', 'Blas Piñar', 'Jaime Alba Delibes', 'Claudi Colomer i Marqués', 'Gabriel Cisneros', 'José Clua Queixalós', 'Luis Díez del Corral', 'José María Sánchez-Ventura Pascual', 'Blas Piñar', 'Ramón Serrano Suñer', 'Álvaro de Figueroa, 1st Count of Romanones', 'Manuel Halcón', 'Armando Muñoz Calero', 'Juan Antonio Samaranch', 'Luis Ortiz Muñoz', 'Euloxio Gómez Franqueira', 'Miquel Mateu i Pla', 'Blas Piñar', 'Torcuato Luca de Tena', 'Ángel González Álvarez', 'Segismundo Royo-Villanova y Fernández-Cavada', 'Ramón Serrano Suñer', 'Bartolomé Barba Hernández', 'Luis Díez del Corral', 'José Clua Queixalós', 'Euloxio Gómez Franqueira', 'Segismundo Royo-Villanova y Fernández-Cavada', 'Leopoldo Calvo-Sotelo', 'Armando Muñoz Calero', 'Miquel Mateu i Pla', 'Álvaro de Figueroa, 1st Count of Romanones', 'Ramón Serrano Suñer', 'Camilo Alonso Vega', 'Miquel Mateu i Pla', 'Luis Díez del Corral', 'Fernando María Castiella y Maíz', 'Juan Antonio Samaranch', 'José Finat y Escrivá de Romaní', 'José María Sánchez-Ventura Pascual', 'Pilar Primo de Rivera', 'Gabriel Cisneros', 'Fernando María Castiella y Maíz', 'Pilar Primo de Rivera', 'Jaime Alba Delibes', 'Bartolomé Barba Hernández', 'Camilo Alonso Vega', 'Víctor Hellín', 'Ángel González Álvarez', 'Camilo Alonso Vega', 'Alfonso Pérez Viñeta', 'Camilo Alonso Vega', 'Pilar Primo de Rivera', 'Claudi Colomer i Marqués', 'Miquel Mateu i Pla', 'Torcuato Luca de Tena', 'Alfonso Pérez Viñeta', 'José Clua Queixalós', 'Álvaro de Figueroa, 1st Count of Romanones', 'Luis Ortiz Muñoz', 'Armando Muñoz Calero', 'Miquel Mateu i Pla', 'Alfonso Pérez Viñeta', 'Juan Antonio Samaranch', 'Fernando María Castiella y Maíz', 'Luis Díez del Corral', 'Ángel González Álvarez', 'Víctor Hellín', 'Armando Muñoz Calero', 'Ramón Serrano Suñer', 'Jaime Alba Delibes', 'Bartolomé Barba Hernández', 'Juan Antonio Samaranch', 'Torcuato Luca de Tena', 'Bartolomé Barba Hernández', 'Gregorio Marañón Moya', 'Alfonso Pérez Viñeta', 'Torcuato Luca de Tena', 'Miquel Mateu i Pla', 'Jaime Alba Delibes', 'Bartolomé Barba Hernández', 'Blas Tello', 'Fernando María Castiella y Maíz', 'Ángel González Álvarez', 'Luis Díez del Corral', 'Pilar Primo de Rivera', 'Eduardo Aunós Pérez', 'Bartolomé Barba Hernández', 'Pilar Primo de Rivera', 'Juan Antonio Samaranch', 'José Utrera Molina', 'Bartolomé Barba Hernández', 'Torcuato Luca de Tena', 'Gregorio Marañón Moya', 'José Utrera Molina', 'Alfonso Pérez Viñeta', 'Juan Antonio Samaranch', 'Luis Ortiz Muñoz', 'Gregorio Marañón Moya', 'Euloxio Gómez Franqueira', 'José Utrera Molina', 'Ramón Serrano Suñer', 'Camilo Alonso Vega', 'Fernando María Castiella y Maíz', 'Álvaro de Figueroa, 1st Count of Romanones', 'Pilar Primo de Rivera', 'Leopoldo Calvo-Sotelo', 'Ramón Serrano Suñer', 'Gregorio Marañón Moya', 'Jaime Alba Delibes', '","['Alberto Alcocer y Ribacoba', 'Ramón Serrano Suñer', 'Pedro Muguruza', 'Francisco Labadie Otermin', 'Víctor Hellín', 'Manuel de Mora-Figueroa', 'José Monasterio Ituarte', 'Alfonso Pérez Viñeta', 'José Millán Astray', 'Fernando María Castiella y Maíz', 'Ernesto Giménez Caballero', 'José Luis de Arrese', 'Miquel Mateu i Pla', 'José María Pemán', 'Luis Carrero Blanco', 'Camilo Alonso Vega', 'Pilar Primo de Rivera', 'Luis Ortiz Muñoz', 'Carlos Asensio Cabanillas', 'Francisco Javier Conde García', 'José Félix de Lequerica y Erquiza', 'José Finat y Escrivá de Romaní', 'Manuel Halcón', 'Carlos Ollero Gómez', 'Álvaro de Figueroa, 1st Count of Romanones', 'Luis Díez del Corral']"
60,"'Alberto Filippini', 'Bogdan Pătrașcu', 'Daniele Pasa', 'Angelo Rimbano', 'Luciano Piquè', 'Emanuele Pellizzaro', 'Lucio Mongardi', 'Marco Baroni', 'Nwankwo Obiora', 'Giampaolo Cominato', 'Michele Pietranera', 'Walter Dondoni', 'Romano Guido Nimis', 'Luca Mondini', 'Emanuele Gattelli', 'Renato Kelić', 'Lucas Cantoro', 'Pietro Mariani', 'Pietro Serantoni', 'Mario Tortul', 'Silvano Moro', 'Luigi Villa', 'Giuliano Gentilini', 'Andrea Bergamo', 'Bruno Camporese', 'Giuseppe Secchi', 'Stefano Pioli', 'Giovanni Giacomazzi', 'Cristian Baglieri', 'Massimiliano Varricchio', 'Andrea Turato', 'Giorgio Rossi', 'Ivan Romanzini', 'Antonio Ravot', 'Andrea Seno', 'Eliseo Zerlin', 'Alcide Bezzati', 'Mariano Sotgia', 'Simone Barone', 'Silvio Rudman', 'Stefano De Agostini', 'Piermario Morosini', 'Linus Hallenius', 'Aroldo Vaccari', 'Silvano Chiumento', 'Gaetano Musella', 'Sauro Massi', 'Tomislav Kaloperović', 'Adone Stellin', 'Silvano Moro', 'Giovanni Giacomazzi'","['Franco Mori', 'Bruno Nicolè', 'Silvano Chiumento', 'Ivano Blason', 'Amedeo Bonistalli', 'Paolo Ferrari', 'Marcello Agnoletto', 'Sergio Brighenti', 'Kurt Hamrin', 'Antonio Pin', 'Enore Boscolo', 'Piero Golin', 'Giuliano Turatti', 'Benito Meroni', 'Silvano Moro', 'Silvio Smersy', 'Benito Sarti', 'Antonio Panizzolo', 'Pietro Biagioli', 'Adolfo Morello', 'Giorgio Stivanello', 'Giuseppe Casari', 'Humberto Rosa', 'Giacomo Mari', 'Giovanni Giacomazzi', 'José Parodi']"
70,"'Daniele Massaro', 'Giuseppe Dossena', 'Antonio Sabato', 'Franco Selvaggi', 'Ruben Buriani'","['Riccardo Ferri', 'Giuseppe Bergomi', 'Attilio Lombardo', 'Roberto Donadoni', 'Ivano Bordon', 'Francesco Romano', 'Antonio Cabrini', 'Pietro Paolo Virdis', 'Pietro Fanna', 'Gianluca Pagliuca', 'Gino DiFlorio', 'Giuseppe Galderisi', 'Gianfranco Matteoli', 'Stefano Borgonovo', 'Paolo Rossi', 'Stefano Eranio', 'Claudio Gentile', 'Ubaldo Righetti', 'Angelo Gregucci', 'Gianluca Vialli', 'Alessandro Altobelli', 'Antonio Di Gennaro', 'Antonio Sabato', 'Fernando De Napoli', 'Ciro Ferrara', 'Stefano Tacconi', 'Roberto Cravero', 'Salvatore Bagni', 'Giovanni Galli', 'Paolo Maldini', 'Aldo Serena', 'Daniele Massaro', 'Giovanni Francini', 'Dario Bonetti', 'Andrea Carnevale', 'Roberto Mancini', 'Gaetano Scirea', 'Walter Zenga', 'Roberto Baggio', 'Sebastiano Nela', 'Salvatore Schillaci', 'Roberto Tricella', 'Giuseppe Giannini', 'Carlo Ancelotti', 'Giancarlo Marocchi', 'Franco Tancredi', 'Moreno Mannini', 'Giuseppe Dossena', 'Pietro Vierchowod', 'Marco Tardelli', 'Ruggiero Rizzitelli', 'Fulvio Collovati', 'Giuseppe Baresi', 'Nicola Berti', 'Massimo Crippa', 'Sergio Battistini', 'Luigi De Agostini', 'Alberto Marchetti', 'Luca Danilo Fusi', 'Franco Baresi', 'Bruno Conti']"
80, filtering the Senate of Spain members that served between 2001 and 2005 from the explored KG results ,"['Ángel Villalba Álvarez', 'Rafel Bruguera i Batalla', 'Rosa Posada', 'Juan Carlos Aparicio Pérez', 'Francisco Cacharro Pardo', 'José Ignacio Echeverría Echániz', 'Ramon Aleu i Jornet', 'Tomás Rodríguez Bolaños', 'Pío García-Escudero', 'Jordi Xuclà', 'Juan José Laborda Martín', 'Juan Alberto Belloch', 'Francisco Javier Iglesias García', 'Víctor Urrutia', 'Jordi Guillot i Miravet', 'Joan Ganyet i Solé', 'Montserrat Duch i Plana', 'Miriam Blasco', 'Victoriano Ríos Pérez', 'Esteban González Pons', 'Lluís Armet i Coma', 'Isidre Molas i Batllori', 'Rafael Luna Vives', 'Esperanza Aguirre', 'Cristina Almeida', 'Jordi Solé Tura', 'Pere Macias', 'Miguel Ángel Villanueva']"
90,"'Stephen Portman', 'Toivo Haapanen', 'Gennady Rozhdestvensky'","['Gennady Rozhdestvensky', 'Stephen Portman']"
100,"'Armando Muñoz Calero', 'Alfonso Pérez Viñeta', 'Claudi Colomer i Marqués', 'José María Sentís Simeón', 'José Utrera Molina', 'Juan Antonio Samaranch', 'Jesús Esperabé de Arteaga González', 'Ángel González Álvarez', 'Blas Tello', 'Camilo Alonso Vega', 'Euloxio Gómez Franqueira', 'Ramón Serrano Suñer', 'Gregorio Marañón Moya', 'Gabriel Cisneros', 'Torcuato Luca de Tena'","['Ángel González Álvarez', 'Ramón Serrano Suñer', 'José Martínez Emperador', 'Rafael Ruiz Gallardón', 'Euloxio Gómez Franqueira', ""Joaquim Buxó Dulce d'Abaigar"", 'Francisco Labadie Otermin', 'Manuel Díez-Alegría', 'Juan Antonio Samaranch', 'Fernando María Castiella y Maíz', 'José María Sentís Simeón', 'Gregorio Marañón Moya', 'Adolfo Suárez', 'Carlos González-Bueno', 'Florentino Pérez Embid', 'Santiago de Cruïlles de Peratallada Bosch', 'José Luis de Arrese', 'Jesús Esperabé de Arteaga González', 'Armando Muñoz Calero', 'Camilo Alonso Vega', 'Fernando Herrero Tejedor', 'Blas Tello', 'Carlos Asensio Cabanillas', 'Fernando Martín-Sánchez Juliá', 'Antonio Barroso y Sánchez-Guerra', 'José Finat y Escrivá de Romaní', 'Torcuato Luca de Tena', 'Juan José Espinosa San Martín', 'Rodolfo Martín Villa', 'José Clua Queixalós', 'Blas Piñar', 'Pilar Primo de Rivera', 'José Utrera Molina']"
110,"'Henri Nogent-Saint-Laurens', 'François Perrier', 'Georges Bonnefoy-Sibour', 'Philippe Devoucoux'","['Henry Jahan', 'Henri Nogent-Saint-Laurens', 'Ferdinand Palluel', 'Louis Laget']"
120,"'Colin Gibson', 'Brian Lloyd', 'Lee Collins', 'Bill Pointon', 'Joe Maloney', 'Mick Moore', 'Joe Brough', 'Frank Simon', 'Colin West', 'Ritchie Sutton', 'David Artell', 'Leigh Richmond Roose', 'Ritchie Humphreys', 'William Cope', 'Peter Farrell', 'Andrew Finlay', 'Dominic Blizzard', 'Will Atkinson', 'Dick Allman', 'Malvin Kamara', 'Haydn Dackins', 'Martin Foyle', 'Tom Nolan', 'Stéphane Zubar', 'Tony Sealy', 'Mark Marshall', 'Jason Jarrett', 'Richard Burgess', 'Alan Dodd', 'Colin Lyman', 'Lawrie Pearson', 'Reg Davies', 'Bert Fishwick', 'Paul West', 'Lee Hughes', 'Fred Mitcheson', 'Paul Mahorn', 'Arjan van Heusden', 'Claus Bech Jørgensen', 'Michael Husbands', 'Joe Anyon', 'Dick Ray', 'Paul Beesley', 'Walter Aveyard', 'Walter Smith', 'Brian Jackson', 'Jim Steel', 'Louis Page', 'Tony Dinning'","['Martin Bullock', 'Richard Burgess', 'Andy Porter', 'Ian Bogie', 'Marcus Bent', 'Richard Eyre', 'Craig Russell', 'Tony Butler', 'Gareth Griffiths', 'David Healy', 'Micky Cummins', 'Paul Mahorn', 'Jeff Minton', 'Jan Jansson', 'Des Lyttle', 'Chris Birchall', 'Simon Osborn', 'Arjan van Heusden', 'Ian Brightwell', 'Andy Oakes', 'Lee Mills', 'Matt Carragher', 'Dave Barnett', 'Gareth Taylor', 'Sam Collins', 'Ville Viljanen', 'Dean Glover', 'Chris Killen', 'Neil Aspin', 'Gareth Ainsworth', 'John Durnin', 'Marc Bridge-Wilkinson', 'Craig James', 'Kevin Pilkington', 'Sagi Burton', 'Andreas Lipa', 'Dean Stokes', 'David Hibbert', 'Sean McClare', 'Peter Beadle', 'Liam Burns', 'Dean Delany', 'Andy Clarke', 'Martin Foyle', 'Lee Ashcroft', 'Lee Matthews', ""George O'Callaghan"", 'Jon McCarthy', 'Onandi Lowe', 'Mvondo Atangana', 'David Freeman', 'Dean Smith', 'Alan Lee', 'Tony Rougier', ""James O'Connor"", 'Joe Anyon', 'George Abbey', 'Tommy Widdrington', 'Stewart Talbot', 'Paul Musselwhite', 'David Beresford', 'Christophe Horlaville', 'Simon Eldershaw', 'Brian McGlinchey', 'Wayne Gray', 'Paul Donnelly', 'Stephen McPhee', 'Mark Boyd', 'Marc Goodfellow', 'Danny Webber', 'Matt Glennon', 'Michael Twiss', 'Stéphane Pounewatchy', 'Levi Reid', 'Martin Aldridge', 'Phil Charnock', 'Adrian Littlejohn', 'Paul Beesley', 'Brett Angell', 'Peter Clarke', 'Allen Tankard', 'Nathan Lowndes', 'Jeff Smith', 'Daryl McMahon', 'Dele Olaoye', 'Scott Mean', 'Billy Paynter', 'Danny Maye', 'Wayne Corden', 'Anthony Gardner', 'Phil Hardy', 'Alex Smith', 'Chris Allen', 'Steve Torpey', 'Robin Hulbert', 'Ryan Brown', 'Carl Griffiths', 'John McQuade', 'Steve Rimmer', 'Jonny Brain', 'Neil Brisco', 'George Pilkington', 'Ashley Dodd', 'Tony Naylor', 'Christian Hanson']"
130,'Jacques Rivière',['Jacques Rivière']
140,"'Ubaldo Righetti', 'Massimo Mauro', 'Roberto Mancini', 'Massimo Bonini', 'Alberto Di Chiara', 'Riccardo Maspero', 'Graziano Mannari', 'Roberto Lorenzini', 'Lorenzo Scarafoni', 'Stefano Desideri'","['Giuseppe Iachini', 'Massimo Bonini', 'Diego Fuser', 'Carlo Borghi', 'Luigi Garzja', 'Valerio Fiori', 'Alvise Zago', 'Luigi De Rosa', 'Gianluca Pagliuca', 'Francesco Antonioli', 'Giuseppe Incocciati', 'Roberto Lorenzini', 'Silvano Benedetti', 'Fabrizio Lorieri', 'Gianluca Vialli', 'Marco Simone', 'Massimo Brambati', 'Giorgio Venturin', 'Massimo Orlando', 'Lorenzo Amoruso', 'Paolo Di Canio', 'Roberto Cravero', 'Marco Ferrari', 'Dario Bonetti', 'Walter Zenga', 'Gaetano Musella', 'Salvatore Schillaci', 'Stefano Desideri', 'Massimo Filardi', 'Marco Baroni', 'Nicola Caricola', 'Massimo Crippa', 'Bruno Giordano', 'Francesco Zanoncelli', 'Egidio Notaristefano', 'Tiziano De Patre', 'Roberto Policano', 'Giuseppe Bergomi', 'Gianluca Sordo', 'Francesco Romano', 'Fausto Salsano', 'Settimio Lucci', 'Lorenzo Scarafoni', 'Luca Pellegrini', 'Ubaldo Righetti', 'Giovanni Stroppa', 'Angelo Carbone', 'Giuseppe Zinetti', 'Riccardo Maspero', 'Luigi Sacchetti', 'Antonio Rizzolo', 'Stefano Salvatori', 'Ciro Ferrara', 'Luca Luzardi', 'Massimo Susic', 'Pietro Mariani', 'Paolo Maldini', 'Fausto Pari', 'Daniele Massaro', 'Paolo Monelli', 'Giovanni Francini', 'Mauro Tassotti', 'Stefano Carobbi', 'Giuseppe Giannini', 'Alberigo Evani', 'Massimo Ciocci', 'Roberto Galia', 'Marco Monti', 'Giuseppe Dossena', 'Franco Lerda', 'Andrea Icardi', 'Nicola Berti', 'Pierluigi Casiraghi', 'Domenico Progna', 'Riccardo Ferri', 'Roberto Donadoni', 'Claudio Valigi', 'Giorgio Bresciani', 'Riccardo Fimognari', 'Edi Bivi', 'Giuseppe Galderisi', 'Gianfranco Matteoli', 'Sandro Tovalieri', 'Stefano Borgonovo', 'Salvatore Giunta', 'Stefano Rossini', 'Giulio Drago', 'Antonio Sabato', 'Marco Pullo', 'Piero Mariani', 'Giovanni Galli', 'Giuseppe Gatta', 'Roberto Mancini', 'Giacomo Dicara', 'Alessandro Costacurta', 'Eugenio Corini', 'Michelangelo Rampulla', 'Alberto Di Chiara', 'Amedeo Carboni', 'Pasquale Casale', 'Ruggiero Rizzitelli', 'Graziano Mannari', 'Attilio Gregori', 'Giuseppe Favalli', 'Alessandro Renica', 'Alessandro Nista', 'Filippo Galli', 'Gianluigi Lentini', 'Michele Armenise', 'Paolo Baldieri', 'Massimiliano Catena', 'Mario Brandani', 'Beniamino Vignola', 'Augusto Gabriele', 'Angelo Peruzzi', 'Fernando Orsi', 'Costanzo Celestini', 'Paolo Benedetti', 'Fernando De Napoli', 'Benito Carbone', 'Renzo Contratto', 'Stefano Pioli', 'Massimo Mauro', 'Roberto Onorati', 'Enrico Annoni', 'Antonio Carannante', 'Sebastiano Nela', 'Pasquale Bruno', 'Enrico Cucchi', 'Alessandro Melli', 'Sergio Battistini', 'Francesco Gazzaneo', 'Franco Baresi', 'Christian Lantignotti']"
150,"'Joseph Stalin', 'Nikita Khrushchev', 'Leonid Brezhnev'","['Pierre de Chevigné', 'Georges Bruguier', 'Emmanuel Gambardella', 'Maurice Druon', 'Jean Schlumberger', 'Pierre Renouvin', 'Resurrección María de Azkue', 'Hans de Koster', 'Guy Mollet', 'Yves Lefèvre', 'Léon Jouhaux', 'Albert McDonald Cole', 'Paul Béchard', 'Jean-Marie Le Pen', 'Giovanni Nencioni', 'Aegidius Fauteux', 'Roland Mousnier', 'Étienne Audibert', 'Jean Dutourd', 'Henri Queffélec', 'Jean-Robert Thomazo', 'Gabriel Puaux', 'Claude Goasguen', 'Bernard Schreiner', 'Jacques-Antoine Gau', 'Carleton S. Coon', 'Jacqueline de Romilly', 'Henri Ziegler', 'Gabriel Auphan', 'Ignacio Bolívar', 'Roland Dorgelès', 'Charles Prévost', 'Edgar Tailhades', 'Jean Crouan', 'Paul Claudel', 'Dianne Feinstein', 'André François-Poncet', 'Lucien Descaves', 'Kōsaku Hamada', 'Maxime Weygand', 'Lon Nol', 'Thierry Maulnier', 'Léon Castanet', 'Georges Duhamel', 'Marc Boegner', 'Asghar Khan', 'John J. Allen, Jr.', 'André Decelle', 'Georges-Paul Wagner', 'Gabriel Marcel', 'Marcel Pagnol', 'Marcel Vincenot', 'Marcel Durry', 'Albert Dou', 'Hervé Bazin', 'Émile Gérard-Gailly', 'Georges Villiers', 'André Chamson', 'Jean Coulomb', 'Marcel Prévost', 'Morris B. Abram', 'Manuel Lekuona', 'Yvan Blot', 'Lucien Febvre', 'Maurice Schumann', 'Pierre Maurois', 'André Maurois', 'Olivier Philip', 'Albert Geouffre de Lapradelle', 'Pierre Gamel', 'Alain Decaux', 'Jean Moulin', 'André Siegfried', 'Stanislas Fumet', 'Tony Bertrand', 'Louis Dunoyer de Segonzac', 'Pierre Victor Auger', 'Amédée Roussellier', 'Miron Nicolescu', 'Marcel Boiteux', 'Pierre-Émile Nayral Martin De Bourgon', 'Fernand Gregh', 'Pierre Pochonet', 'François Borella', 'Jose Maria Lojendio', 'Jean Prouvost', 'Jacques Allier', 'Robert Gourdon', 'Édouard Herriot', 'Jean Bosc', 'Friedrich Hayek', 'Lydie Schmit', 'Charles Samaran', 'Jules Romains', 'Joseph Bédier', 'Luis Villasante', 'Samuel Kerns McConnell, Jr.', 'Antoine de Lévis Mirepoix', 'Robèrt Lafont', 'Jacques Fontaine', 'Jean-François Denisse', 'Maurice Genevoix', 'Jean-Paul Bled', 'Paul Valéry', 'Georges Millot', 'Pierre Emmanuel', 'Vincent Auriol', 'Colette', 'Roman Ghirshman']"
170,'Daniel McBreen',"['James Meredith', 'Carl Jones', 'Chris Beardsley', 'Kyle Critchell', 'Stuart Elliott', 'Adam Boyes', 'Mark Robinson', 'Craig Nelthorpe', 'Simon Brown', 'Mark Greaves', 'Bruce Dyer', 'Martyn Woolford', 'Darren Kelly', 'Tyrone Berry', 'Peter Bore', 'Daniel McBreen', 'Richard Brodie', 'Manny Panther', 'Ben Purkiss', 'Nicky Wroe', 'Onome Sodje', 'Michael Gash', 'Simon Rusk', 'Darren Craddock', 'Craig Farrell', 'Kevin Gall', 'Phil Turnbull', 'Michael Rankine', 'Steve Torpey', 'Luke Graham', 'Andy Ferrell', 'Artur Krysiak', 'Paul Brayson', 'Shaun Pejic', 'Gavin Rothery', 'Ben Wilkinson', 'Sam Duncum', 'Neil Barrett', 'Alex Lawless', 'Adam Smith', 'Russell Fry', 'Djoumin Sangare', ""Alan O'Hare"", 'Simon Russell', 'Peter Holmes', 'Christian Smith', 'Tom Evans', 'Leo Fortune-West', 'Richard Pacquette', 'Niall Henderson', 'Anthony Lloyd', 'Levi Mackin', 'Chris Carruthers']"
180,"'Stefano Morrone', 'Massimo Mauro', 'Roberto Mancini', 'Giancarlo Bercellino', 'Graziano Mannari', 'Apodo'","['Massimo Mutarelli', 'Jonatan Binotto', 'Ciro Ginestra', 'Claudio Rivalta', 'Salvatore Fresi', 'Simone Perrotta', 'Generoso Rossi', 'Claudio Bellucci', 'Matteo Ferrari', 'Marco Zanchi', 'Alessandro Frau', 'Giacomo Paniccia', 'Ighli Vannucchi', 'Marco Rossi', 'Christian Panucci', 'Samuele Olivi', 'Emanuele Troise', 'Massimo Margiotta', 'Alessio Tacchinardi', 'Marco Carparelli', 'Bruno Cirillo', 'Christian Amoroso', 'Paolo Foglio', 'Angelo Pagotto', 'Stefano Fiore', 'Giulio Falcone', 'Simone Pavan', 'Alessandro Nesta', 'Mirco Sadotti', 'Giacomo Cipriani', 'Massimo Brambilla', 'Alessandro Pistone', 'Fabio Pecchia', 'Corrado Colombo', 'Domenico Morfeo', 'Marco Piovanelli', 'Davide Dionigi', 'Cristiano Lucarelli', 'Fabio Cannavaro', 'Stefano Morrone', 'Roberto Mirri', 'Feliciano Magro', 'Riccardo Fissore', 'Nicola Corrent', 'Raffaele Ametrano', 'Nicola Amoruso', 'Roberto Goretti', 'Gennaro Scarlato', 'Roberto Baronio', 'Duccio Innocenti', 'Christian Abbiati', 'Gianluigi Buffon', 'Marco Delvecchio', 'Ivan Pelizzoli', 'Alessandro Del Piero', 'Fausto Rossini', 'Massimiliano Zazzetta', 'Massimo Maccarone', 'Francesco Totti', 'Diego De Ascentis', 'Tomas Locatelli', 'Nicola Campedelli', 'Nicola Ventola', 'Tommaso Rocchi', 'Aimo Diana', 'Ivan Franceschini', 'Marco Marchionni', 'Fabio Firmani', 'Cristiano Zanetti', 'Massimo Ambrosini', 'Domenico Doardo', 'Antonino Bernardini', 'Nicola Mora', 'Alessandro Grandoni', 'Filippo Cristante', 'Maurizio Domizzi', 'Emanuele Pesaresi', 'Moreno Longo', 'Jonathan Bachini', 'Enzo Maresca', 'Vittorio Tosto', 'Luigi Sartor', 'Alessandro Gamberini', 'Joseph Dayo Oshadogan', 'Francesco Cozza', 'Matteo Sereni', 'Antonio Cassano', 'Matteo Baldassarre', 'Paolo Bianco', 'Damiano Tommasi', 'Gianni Comandini', 'Massimo Donati', 'Filippo Inzaghi', 'Cristian Bucchi', 'Giammarco Frezza', 'Andrea Pirlo', 'Riccardo Taddei', 'Thomas Manfredini', 'Francesco Coco', 'Giampaolo Parisi', 'Matteo Brighi', 'Gionatha Spinesi', 'Christian Vieri', 'Raffaele Longo', 'Luca Mezzano', 'Alberto Gilardino', 'Luciano Zauri', 'Fabrizio Miccoli', 'Marco Quadrini', 'Marco Zamboni', 'Giuliano Giannichedda', 'Emiliano Bonazzoli', 'Cristian Zenoni', 'Nazzareno Tarantino', 'Manuele Blasi', 'Morgan De Sanctis']"
190,"'Arnaud Robinet', 'Alain Journet', 'Bernard Fournier', 'Félix Leyzour', 'Alain Rodet', 'Claude Haut', 'Jacques Berthou', 'Patrick Weiten', 'Françoise Laurent-Perrigot', 'Émile Jourdan', 'Claude Belot', 'Daniel Dubois', 'François Commeinhes', 'Claude Leteurtre', 'André Angot', 'Olivier Richefou', 'Pierre Jarlier', 'Bernard Deschamps', 'Gilbert Baumet', 'François Zimeray', 'Serge Dassault'","['Bernard Saugey', 'Michel Mercier', 'François Bonhomme', 'Patrick Malavieille', 'Sébastien Leclerc', 'Alain Moyne-Bressand', 'Bernard Schreiner', 'Roland Povinelli', 'Bruno Retailleau', 'Christian Dupuy', 'Jean-Luc Drapeau', 'Cédric Perrin', 'Henri Plagnol', 'Jean Puech', 'Bernard Fournier', 'Claude Haut', 'Yves Daudigny', 'Philippe Richert', 'Philippe Madrelle', 'Jacques Berthou', 'Pierre Louault', 'Jean-Claude Mathis', 'Didier Rambaud', 'Jacques Gautier', 'Pierre Estève', 'Jean-Jacques Delvaux', 'Françoise Laurent-Perrigot', 'André Viola', 'Guy-Dominique Kennel', 'Louis Le Pensec', 'Michèle Delaunay', 'Gilbert Baumet', 'Claude Jeannerot', 'Jean-Louis Tourenne', 'Philippe Esnol', 'Jean Bizet', 'Alain Clary', 'Claude Leteurtre', 'André Vallini', 'Clotilde Valter', 'Dominique Souchet', 'Damien Alary', 'Gabriel Amard', 'Jean-François Mancel', 'Claude Belot', 'Patrick Weiten', 'Alain Chrétien', 'Daniel Dubois', 'François Marc', 'Marc Laménie', 'Christian Favier', 'Jacques Lamblin', 'Gilbert Sauvan', 'Henri de Raincourt', 'Pierre Jarlier', 'Félix Leyzour']"
200,'James VI and I',['James VI and I']
210,"'Leandro Remondini', 'Carlo Galli', 'Attilio Giovannini', 'Omero Tognon', 'Gaudenzio Bernasconi'","['Dino Ballacci', 'Giorgio Ghezzi', 'Renzo Burini', 'Miguel Montuori', 'Alberto Fontanesi', 'Francesco Rosetta', 'Romano Fogli', 'Amedeo Amadei', 'Sergio Castelletti', 'Egisto Pandolfini', 'Adriano Bassetto', 'Guido Vincenzi', 'Giuseppe Moro', 'Ottavio Bugatti', 'Gino Pivatelli', 'Enzo Robotti', 'Ermes Muccinelli', 'Ugo Pozzan', 'Giovanni Invernizzi', 'Roberto Lovati', 'Gastone Bean', 'Giuseppe Corradi', 'Rino Ferrario', 'Giuseppe Farina', 'Juan Alberto Schiaffino', 'Lucidio Sentimenti', 'Mario David', 'Giancarlo Cadè', 'Lorenzo Buffon', 'Omero Tognon', 'Sergio Manente', 'Giuseppe Chiappella', 'Flavio Emoli', 'Ardico Magnini', 'Gaudenzio Bernasconi', 'Carlo Annovazzi', 'Giuseppe Virgili', 'Carlo Galli', 'Francesco La Rosa', 'Ezio Pascutti', 'Giampiero Boniperti', 'Luigi Giuliano', 'Fulvio Nesti', 'Sergio Cervato', 'Eddie Firmani', 'Benito Lorenzi', 'Giovanni Giacomazzi', 'Bruno Nicolè', 'Maino Neri', 'Bruno Pesaola', 'Dino da Costa', 'Gianfranco Petris', 'Marcello Agnoletto', 'Bruno Mazza', 'Aredio Gimona', 'Armando Segato', 'Eduardo Ricagni', 'Silvano Moro', 'Mario Bergamaschi', 'Gino Cappello', 'Bruno Garzena', 'Celestino Celio', 'Pietro Grosso', 'Leonardo Costagliola', 'Angelo Longoni', 'Mario Tortul', 'Antonio Montico', 'Silvio Piola', 'Alberto Piccinini', 'Amleto Frignani', 'Paolo Barison', 'Alfio Fontana', 'Pasquale Vivolo', 'Giovanni Viola', 'Luigi Moltrasio', 'Attilio Giovannini', 'Alberto Bertuccelli', 'Raoul Bortoletto', 'Guido Gratton', 'Enzo Bearzot', 'Benito Sarti', 'Amos Mariani', 'Alcides Ghiggia', 'Giacomo Mari', 'Riccardo Carapellese']"
220,"'Adolf Ogi', 'Samuel Schmid', 'Markus Feldmann', 'Hans-Peter Tschudi', 'Leon Schlumpf', 'Moritz Leuenberger', 'Jakob Dubs', 'Didier Burkhalter', 'Alphons Egli', 'Kaspar Villiger', 'Alain Berset', 'Doris Leuthard', 'Micheline Calmy-Rey', 'Ernst Nobs', 'Joseph Deiss', 'Elisabeth Kopp', 'Eduard Müller', 'Gustave Ador', 'Willy Spühler', 'Ruth Dreifuss', 'Hans-Rudolf Merz', 'Johann Schneider-Ammann', 'Josef Escher', 'Ernest Chuard', 'Christoph Blocher', 'Pierre Aubert', 'Jonas Furrer', 'Pascal Couchepin', 'Kurt Furgler', 'Emil Frey', 'Heinrich Häberlin', 'Marcel Pilet-Golaz'","['Doris Leuthard', 'Johann Schneider-Ammann', 'Didier Burkhalter']"
230,"'Richard Nixon', 'Gerald Ford', 'Jimmy Carter'","['Pierre de Chevigné', 'Michel Guillou', 'Émile Gérard-Gailly', 'Gabriel Auphan', 'Jean-Christophe Cambadélis', 'Edgar Tailhades', 'Miron Nicolescu', 'Maurice Druon', 'Jean Mesnard', 'Marcel Boiteux', 'Georges-Emmanuel Clancier', 'Emil Wolf', 'Lon Nol', 'Hans de Koster', 'Thierry Maulnier', 'Yvan Blot', 'James T. Walsh', 'Maurice Schumann', 'Yves Lefèvre', 'Guy Mollet', 'Paul Béchard', 'Jean Prouvost', 'Robert Gourdon', 'Jacques Le Goff', 'Jacques Allier', 'Jean-Marie Mayeur', 'Robert Escarpit', 'Giovanni Nencioni', 'Lydie Schmit', 'Charles Samaran', 'Roland Mousnier', 'André Decelle', 'Gabriel Marcel', 'Georges-Paul Wagner', 'Luis Villasante', 'Jean Dutourd', 'François Furet', 'Hubert Curien', 'Henri Queffélec', 'Alain Decaux', 'Ahmed Osman', 'Michel Germa', 'Jean-François Denisse', 'Maurice Genevoix', 'Stanislas Fumet', 'Tony Bertrand', 'Marcel Durry', 'Jean-Paul Bled', 'Pierre Emmanuel', 'Jacqueline de Romilly', 'Roman Ghirshman', 'Hervé Bazin', 'Roland Dorgelès']"
240,'Lise Payette',"['Yisrael Katz', 'Michel Cointat', 'Vincent Ansquer', 'Hans-Joachim Hoffmann', 'Alice Saunier-Seité', 'Miguel Boyer', 'Lise Payette']"
250,"'Terry Bly', 'Leigh Jenkinson', 'Cyrille Regis', 'Joe Filippi', 'Tony Dobson', 'Cobi Jones', 'Peter Atherton', 'Liam Daish', 'Nii Lamptey', 'Julian Joachim', 'Magnus Hedman'","['Kevin Richardson', 'Isaías Marques Soares', 'Nigel Jemson', 'Marc Joseph', 'Paul Telfer', 'John Salako', 'John Filan', 'Willie Boland', 'Ally Pickering', 'Gordon Strachan', 'Marcus Hall', 'John Andrews', 'Paul Cook', 'David Burrows', 'Peter Ndlovu', 'Tony Sheridan', 'Andy Ducros', 'Calita', 'Jamie Barnwell-Edinboro', 'David Rennie', 'Sam Shilton', 'Martin Davies', 'Gary McAllister', 'Darren Huckerby', 'Stewart Robson', 'Chris Whyte', 'Neil Cutler', 'Dion Dublin', 'Eoin Jess', 'Steven Pressley', 'Sandy Robertson', 'Sean Flynn', 'Nii Lamptey', 'Iyseden Christie', 'Régis Genaux', 'Roy Wegerle', ""Michael O'Neill"", 'Paul Williams', 'John Williams', 'Mike Marsh', 'John Eustace', 'Ronnie Ekelund', 'Cobi Jones', 'Leigh Jenkinson', 'Liam Daish', 'Steve Morgan', 'Richard Shaw', 'Paul Williams', 'Peter Shilton', 'Colin Hawkins', 'Adam Willis', 'Julian Darby', 'Jonathan Gould', 'Gary Gillespie', 'Micky Quinn', 'Noel Whelan', 'Steve Ogrizovic']"
260,"'Alain Journet', 'Félix Leyzour', 'Alain Rodet', 'Bernard Fournier', 'Claude Haut', 'Patrick Weiten', 'Françoise Laurent-Perrigot', 'Émile Jourdan', 'Claude Belot', 'Daniel Dubois', 'Claude Leteurtre', 'Joseph Yvon', 'Bernard Deschamps', 'Gilbert Baumet'","['Bernard Saugey', 'Michel Mercier', 'François Bonhomme', 'Philippe Bas', 'Patrick Malavieille', 'Sébastien Leclerc', 'Alain Moyne-Bressand', 'Olivier Richefou', 'Sylvain Berrios', 'Bruno Retailleau', 'Christian Dupuy', 'Jean-Luc Drapeau', 'Cédric Perrin', 'François Commeinhes', 'Bernard Fournier', 'Claude Haut', 'Yves Daudigny', 'Philippe Madrelle', 'Arnaud Robinet', 'Pierre Louault', 'Jean-Claude Mathis', 'Didier Rambaud', 'Pierre Estève', 'Françoise Laurent-Perrigot', 'André Viola', 'Frédéric Barbier', 'Gilles Artigues', 'Guy-Dominique Kennel', 'Claude Jeannerot', 'Jean-Louis Tourenne', 'Philippe Esnol', 'Jean Bizet', 'Alain Clary', 'Claude Leteurtre', 'André Vallini', 'Clotilde Valter', 'Dominique Souchet', 'Najat Vallaud-Belkacem', 'Damien Alary', 'Jean-François Mancel', 'Patrick Weiten', 'Gilbert Baumet', 'Alain Chrétien', 'Daniel Dubois', 'François Marc', 'Marc Laménie', 'Édouard Philippe', 'Christian Favier', 'Gilbert Sauvan', 'Aurélie Filippetti', 'Jean-Christophe Fromantin']"
270,"'Gary Rowett', 'Simon Walton', 'Greg Shields', 'George Shipley', 'Harry Arter', 'Richard Wood', 'Martin Pringle', 'Paul Robson', 'Michael Smith', 'Svetoslav Todorov', 'Kevin Hoddy', 'Alec Stock', 'Jimmy Sanders', 'Leroy Rosenior', 'Neil Etheridge', 'Jerome Thomas', 'Leroy Lita', 'Greg Halford', 'Rhoys Wiggins', 'Ruben Bover Izquierdo', 'Me Aboubacar Diomande', ""Dany N'Guessan"", 'Carl Jenkinson', 'Martin Christensen', 'Cliff Holton', 'Nicky Bailey', 'Carl Ikeme', 'Gary Doherty', 'Danny Uchechi', 'Osei Sankofa', 'Trevor Edwards', 'Jóhann Berg Guðmundsson', 'Paul Mortimer', 'Gavin Peacock', 'Antti Niemi', 'Christian Dailly'","['Jason Euell', 'Joe Gomez', 'Ade Azeez', 'Rhoys Wiggins', 'Yado Mambo', 'Francis Coquelin', 'Neil Etheridge', 'Matt Taylor', 'Astrit Ajdarević', 'Loïc Nego', 'Jonathan Obika', 'Florent Rouamba', 'Simon Church', 'Freddie Warren', 'Kevin Feely', 'George Țucudean', 'Yann Kermorgant', ""Dany N'Guessan"", 'Andrew Hughes', 'Davide Petrucci', 'Yohann Thuram-Ulien', 'Paul Hayes', 'Abdul Razak', 'Emmanuel Frimpong', 'Zak Ansah', 'Nick Pope', 'Danny Hollands', 'David Button', 'Eggert Jónsson', 'Richard Wood', 'Danny Haynes', 'Leon Clarke', 'Franck Moussa', 'Simon Francis', 'Rob Hulse', 'Danny Green', 'Lawrie Wilson', 'Frédéric Bulot', 'Oguchi Onyewu', 'Mikel Alonso', 'Mark Gower', 'Michael Morrison', 'Ben Alnwick', 'Bradley Pritchard', 'Jordan Cook', 'Diego Poyet', 'Yoni Buyens', 'Michael Smith', 'Gary Doherty', 'Piotr Parzyszek', 'Jóhann Berg Guðmundsson', 'Leon Cort', 'Marvin Sordell', 'Dale Stephens', 'John Sullivan', 'Danny Seaborne', 'Tal Ben Haim', 'Paul Benson', 'Darel Russell', 'Anıl Koç', 'Semi Ajayi', 'Lee Cook', 'Ruben Bover Izquierdo', 'Dorian Dervite', 'Ricardo Fuller', 'Reza Ghoochannejhad', 'Ben Hamer', 'Marcus Tudgay', 'Cameron Stewart', 'André Bikey', 'Conor Gough']"
280,"'Heinz Striek', 'Klaus Riebschläger'","['Klaus Riebschläger', 'Heinz Striek']"
290,"'Ernie Dixon', 'Ray Deakin', 'Phil Cavener', 'Bill Hayes', 'Willie Irvine', 'Tommy Mayson', 'Terry Donovan', 'Gary Cahill', 'James Lindsay', 'Wilf Toman', 'Ade Akinbiyi', 'Paul Atkinson', 'Frank Sinclair', 'Ken Bracewell', 'Les Shannon', 'Matt Brunton', 'Mark Caughey', 'Fred Laidman', 'Alan Mahon', 'Sam Jennings', 'Abe Hartley', 'Jason Withe', 'Tony Chilton', 'Nathan Delfouneso', 'Rhys Williams', 'Alf Charles', 'Leighton James', 'Rick Holden', 'Steve Kilcar', 'Charlie Fletcher', 'David Taylor', 'Jack Mustard', 'Robbie Blake', 'Barry Powell', ""Luke O'Neill"", 'Duane Courtney', 'Gerry Gow', 'Arthur Cowell', 'Charlie Bishop', 'Lee Briscoe', 'Frederick Whittaker', 'Tommy Hutchison', 'Joey Barton', 'Dean West', 'Hugh Moffat', 'Leigh Palin', 'Dave Thomas', 'Harry Ross', 'Alex Elder', 'Billy Harker'","['Glen Little', 'Mark Ford', 'Ian Cox', 'Nigel Gleghorn', 'Brad Maylett', 'Ally Pickering', 'Vince Overson', 'Marlon Beresford', 'Brian Reid', 'Paul Cook', 'John Mullin', 'Graham Branch', 'Ian Thomas-Moore', 'Gavin Ward', 'Paul Robinson', 'Craig Mawson', 'Micky Mellon', 'Ian Helliwell', 'Chris Waddle', 'Lenny Johnrose', 'Ian Wright', 'Scott Oakes', ""John O'Kane"", 'Chris Brass', 'Paul Smith', 'Mark Robertson', 'Lee Briscoe', 'Chris Woods', 'Stephen Grant', 'Ian Duerden', 'Ronnie Jepson', 'Phil Gray', 'Mike Williams', 'Mitchell Thomas', 'Mark Winstanley', 'Lee Howey', 'Kevin Ball', 'Steve Davis', 'Phil Eastwood', 'Andy Cooke', 'Neil Moore', 'Richard Huxford', 'Damian Matthew', 'Paul Crichton', 'Jamie Hoyland', 'Gordon Armstrong', 'Rune Vindheim', 'Dean West', 'Steve Morgan', 'Anthony Shandran', 'Peter Swan', 'Paul Barnes', 'Tom Cowan', 'Chris Vinnicombe', 'Nikolaos Michopoulos', 'Gerry Harrison', 'Tony Parks', 'Steve Blatherwick', 'Matthew Heywood', 'Andy Payton']"
300,"'Josep Bargalló i Valls', 'Albert Planasdemunt i Gubert', 'Josep Enric Millo', 'Francisco Craviotto Blanco', 'Oriol Amorós i March', 'Rosa Barenys i Martorell', 'Pere Portabella', 'Jordi Escoda i Vilà', 'Joan Oliart i Pons', 'Anna Caula i Paretas', 'Inés Arrimadas', 'Antoni Gutiérrez Díaz', 'Oriol Junqueras', 'Joan Ramon Casals i Mata', 'Pia Bosch i Codolà', 'Hortènsia Grau Juan', 'Germà Gordó i Aubarell', 'Josep Maria Forné i Febrer', 'Sonia Sierra Infante', 'Matías Alonso Ruiz', 'Assumpta Escarp Gibert', 'Meritxell Borràs i Solé', 'Ramon Espadaler Parcerisas', 'Josep Rull i Andreu', 'Rafael Ribó', 'Xavier Bosch i Garcia', 'José María Espejo-Saavedra Conesa', 'Carina Mejías Sánchez', 'Arcadi Calzada i Salavedra', 'Carles Campuzano', 'Pere Pi-Sunyer i Bayo', 'Josep Maria Cullell', 'Alfons López Tena', 'Irene Rigau Oliver', 'Pere Macias', 'Vicenç Capdevila Cardona', 'Marina Geli i Fàbrega', 'Àngels Ponsa i Roca', 'Ferran Camps i Vallejo', 'Ferran Pont i Puntigam', 'Ramon Camp i Batalla', 'Francesc Xavier Puig i Andreu', 'Macià Alavedra i Moner', 'Pere Navarro i Morera', 'David Pérez i Ibáñez', 'Agustí Maria Bassols i Parés'","['Albert Botran', 'Josep Vendrell Gardeñes', 'Elena Ribera i Garijo', 'Marta Rovira i Vergés', 'Susana Beltrán García', 'Neus Lloveras i Massana', 'Meritxell Roigé i Pedrola', 'Joan Giner', 'Ramon Espadaler Parcerisas', 'Alejandro Fernández Álvarez', 'Joan Rigol i Roig', 'Jorge Soler González', 'Begonya Montalban i Vilas', 'Santiago Rodríguez Serra', 'Raimon Escudé i Pladellorens', 'Fabián Mohedano', 'Joana Ortega i Alemany', 'Joan Oliart i Pons', 'Adriana Delgado i Herreros', 'Raül Romeva', 'Imma Mayol i Beltran', 'Alba Vergés i Bosch', 'David Pérez i Ibáñez', 'Anna Caula i Paretas', ""Josep M. Vila D'Abadal Serra"", 'Raúl Moreno Montaña', 'Antoni Comín i Oliveres', 'Agnès Russiñol i Amat', 'Marc Sanglas i Alcantarilla', 'Josep Manel Busqueta', 'Sergio Santamaría Santigosa', 'Albert Batet Canadell', 'Pere Vila Fulcarà', 'Roger Torrent Ramió', 'Isidre Gavín i Valls', 'Àngels Ponsa i Roca', 'Lluís Corominas i Díaz', 'Albano Dante Fachin', 'Núria Parlón', 'Uriel Bertran i Arrué', 'Josep Maria Forné i Febrer', 'Oriol Pujol i Ferrusola', 'Xavier García Albiol', 'Joan García González', 'Carles Campuzano', 'Francisco Marhuenda García', 'Josep Maria Simó i Huguet', 'Josep Bargalló i Valls', 'Pere Calbó i Roca', 'Oriol Amorós i March', 'Carles Castillo Rosique', 'Lluís Armet i Coma', 'Marta Ribas Frías', 'Marina Llansana i Rosich', 'Laia Bonet Rull', 'Assumpta Escarp Gibert', 'Celestino Corbacho', 'José María Espejo-Saavedra Conesa', 'Marta Vilalta i Torres', 'Alejo Vidal-Quadras Roca', 'José Montilla', 'Ernest Maragall', 'Albert Batalla Siscart', 'Lluís Llach', 'Joaquim Xicoy i Bassegoda', 'Higini Clotas i Cierco', 'Javier Rivas Escamilla', 'Jordi Turull i Negre', 'Jordi Miralles i Conte', 'Marc Solsona Aixalà', 'Carlos Carrizosa Torres', 'Pere Macias', 'Vinyet Panyella', 'Anna Gabriel i Sabaté', 'Teresa Vallverdú i Albornà', 'Mireia Boya Busquet', 'Montserrat Vilella Cuadrada', 'Daniel Terradellas i Redon', 'Joan Puigcercós i Boixassa', 'Julio Ariza', 'Alícia Romero Llano', 'Francesc Homs Molist', 'Òscar Ordeig i Molist', 'Alfons López Tena', 'Josep Maria Reguant', 'Meritxell Ruiz i Isern', 'Pere Bosch i Cuenca', 'Jordi William Carnes i Ayats', 'Jean Castel Sucarrat', 'Violant Cervera i Gòdia', 'Marisa Xandri Pujol', 'Bernat Solé i Barril', 'Marina Bravo Sobrino', 'Dolors Bassa', 'David Rodríguez González', 'Xavier Cima i Ruiz', 'Pere Navarro i Morera', 'Joan Coscubiela', 'Annabel Marcos i Vilar', 'Carles Puigdemont', 'José Domingo Domingo', 'Àngels Martínez Castells', 'Esperanza García González', 'Gemma Lienas', 'Andrea Levy Soler', 'Jordi Guillot i Miravet', 'Montserrat Candini i Puig', 'Jaume Camps i Rovira', 'Pere Aragonès i Garcia', 'David Fernàndez i Ramos', 'Ferran Mascarell i Canalda', 'María Francisca Valle Fuentes', 'Flora Sanabra i Villarroya', 'Germà Gordó i Aubarell', 'Caterina Mieras i Barceló', 'Montserrat Roura i Massaneda', 'Anna Miranda i Torres', 'Maria Dolors Batalla i Nogués', 'Rosa Martí i Conill', 'Antoni Farrés i Sabater', 'Inés Arrimadas', 'Joan Maria Abelló i Alfonso', 'David Companyon i Costa', 'Magda Casamitjana i Aguilà', 'Fernando Sánchez Costa', 'Jesús Galiano Gutierrez', 'Ferran Civit i Martí', 'Josep Maria Vallès i Casadevall', 'Jordi Cornet i Serra', 'Meritxell Borràs i Solé', 'Jaume Domingo i Planas', 'Josep Maria Carbonell i Abelló', 'Joan Josep Nuet', 'Lorena Roldán', 'Macià Alavedra i Moner', 'Ferran Falcó i Isern', 'Xavier Trias', 'Josep Enric Millo', 'Antonio Gallego Burgos', 'Maria Senserrich i Guitart', 'Antonio Baños Boncompain', 'Carme Figueras i Siñol', 'Antonio Espinosa Cerrato', 'José Manuel Villegas Pérez', 'Anna Simó i Castelló', 'Vicenç Villatoro i Lamolla', 'Esteve Orriols i Sendra', 'Chakir El Homrani Lesfar', 'Carina Mejías Sánchez', 'Joan Ramon Casals i Mata', 'Ramon Usall i Santa', 'Marta Pascal i Capdevila', 'Antoni Balasch Parisi', 'Muriel Casals', 'Carme Laura Gil i Miró', 'Gerard Martí Figueras i Albà', 'Enric Castellnou i Alberch', 'Dolors Montserrat i Culleré', 'Marc Vidal Pou', 'Ramona Barrufet i Santacana', 'Jordi Cuminal i Roquet', 'Josep Lluís Vilaseca i Guasch', 'Xavier Safont-Tria i Ramon', 'Lídia Santos i Arnau', 'Josep Lluís Salvadó i Tenesa', 'Lluís Rabell', 'Montserrat Duch i Plana', 'Neus Munte Fernandez', 'Jordi Pujol i Soley', 'Marina Geli i Fàbrega', 'Assumpció Laïlla i Jou', 'Montserrat Fornells Solé', 'Alicia Sánchez-Camacho', 'Sergi Saladié i Gil', 'Roc Fuentes i Navarro', 'Francesc Codina i Castillo', 'Joan Laporta', 'Montserrat Palau i Vergés', 'Sergi Sabrià i Benito', 'Josep Borràs i Gené', 'Jordi Munell Garcia', 'Carme Valls i Llobet', 'Pasqual Maragall i Mira', 'Jordi-Miquel Sendra i Vellvè', 'Matías Alonso Ruiz', 'Ferran Pedret i Santos', 'Rafael Ribó', 'Carlos Sánchez Martín', 'Oriol Amat', 'Miquel Iceta i Llorens', 'Irene Rigau Oliver', 'Esther Niubó Cidoncha', 'Artur Mas', 'Elisabet Font Montanyà', 'Gabriela Serra i Frediani', 'Josep Rull i Andreu', 'Roger Montañola i Busquets', 'Sonia Sierra Infante', 'Alberto Villagrasa Gil', 'Toni Strubell i Trueta', 'Rafel Bruguera i Batalla', 'Pere Regull i Riba', 'Carles Sala i Roca', 'Alfonso Sánchez Fisac', 'Carme Carretero i Romay', 'Juli Fernández Iruela', 'Antoni Castells i Oliveres', 'Carmen de Rivera i Pla', 'Joan Ridao i Martín', 'Natàlia Figueras i Pagès', 'Xavier Pallarés Povill', 'Joan Saura Laporta', 'Jordi Orobitg i Solé', 'Joan Reventós i Carner', 'Arcadi Calzada i Salavedra', 'Lluís Guinó Subirós', 'Jéssica Albiach', 'Francisco Javier Domínguez Serrano', 'Joaquima Alemany i Roca', 'Ramon Camp i Batalla', 'Oriol Junqueras', 'María José García Cuevas', 'Hortènsia Grau Juan', 'Antoni Dalmau i Ribalta', 'Albert Rivera', 'Xavier Guitart i Domènech', 'Germà Bel', 'Antoni Castellà i Clavé', 'Daniel Sirera', 'Eudald Casadesús i Barceló', 'Isabel Muradàs', 'Eva Piquer', 'Eva María Martínez Morales', 'Ernest Benach i Pascual', 'Eva Granados', 'Josep Lluís López Bulla', 'Joan Ganyet i Solé', 'Carme Forcadell', 'Marta Moreta Rovira', 'Ferran Pont i Puntigam', 'Sergi Sanz Jiménez', 'Núria de Gispert', 'Simó Pujol i Folcrà', 'Rafael Luna Vives', 'Montserrat Tura i Camafreita', 'Santi Vila i Vicente', 'Joan Blanch Rodríguez', 'Rosa Barenys i Martorell', 'Joan Descals i Esquius', 'Josep Antoni Duran i Lleida', 'Joan Herrera i Torres', 'Fernando Tomás de Páramo Gómez', 'Ramon Espasa i Oliver', 'Juan Bautista Milián Querol', 'Benet Salellas i Vilar', 'Carles Riera i Albert', 'Xavier Bosch i Garcia', 'Pia Bosch i Codolà']"
310,Abstain,"['Ian Wolstenholme', 'Dave Dunmore', 'Gerry Coyne', 'Tommy Heron', 'Mike Walker', 'Noel Peyton', 'Eamon Dunphy', 'Billy Rudd', 'Andy Provan', 'Paul Aimson', 'Derek Weddle', 'Tommy Spencer', 'Phil Burrows', 'Joe Ashworth', 'Norman Wilkinson']"
320,Abstain,"['Elena Ribera i Garijo', 'Carme Figueras i Siñol', 'Ramon Espadaler Parcerisas', 'Francesc Homs Molist', 'Joan Rigol i Roig', 'Esteve Orriols i Sendra', 'Vicenç Villatoro i Lamolla', 'Santiago Rodríguez Serra', 'Antoni Castells i Oliveres', 'Carme Carretero i Romay', 'Carina Mejías Sánchez', 'Joan Ridao i Martín', 'Joan Saura Laporta', 'Artur Mas', 'David Pérez i Ibáñez', 'Joaquima Alemany i Roca', 'Antoni Castellà i Clavé', 'Ramon Camp i Batalla', 'Antoni Comín i Oliveres', 'Carme Laura Gil i Miró', 'Dolors Montserrat i Culleré', 'Daniel Sirera', 'Eudald Casadesús i Barceló', 'Lluís Corominas i Díaz', 'Lídia Santos i Arnau', 'Ernest Benach i Pascual', 'Josep Lluís López Bulla', 'Uriel Bertran i Arrué', 'Jaume Camps i Rovira', 'Oriol Pujol i Ferrusola', 'Montserrat Duch i Plana', 'Neus Munte Fernandez', 'Josep Maria Simó i Huguet', 'Josep Bargalló i Valls', 'Jordi Pujol i Soley', 'Marina Geli i Fàbrega', 'Oriol Amorós i March', 'Núria de Gispert', 'Flora Sanabra i Villarroya', 'Lluís Armet i Coma', 'Caterina Mieras i Barceló', 'Anna Miranda i Torres', 'Marina Llansana i Rosich', 'Rafael Luna Vives', 'Montserrat Tura i Camafreita', 'Ernest Maragall', 'Albert Batalla Siscart', 'Carme Valls i Llobet', 'Pasqual Maragall i Mira', 'Josep Maria Vallès i Casadevall', 'Josep Antoni Duran i Lleida', 'Higini Clotas i Cierco', 'Miquel Iceta i Llorens', 'Meritxell Borràs i Solé', 'Jordi Turull i Negre', 'Irene Rigau Oliver', 'Jordi Miralles i Conte', 'Ramon Espasa i Oliver', 'Elisabet Font Montanyà', 'Josep Maria Carbonell i Abelló', 'Pere Macias', 'Josep Enric Millo', 'Josep Rull i Andreu']"
330,"'Bruce Grobbelaar', 'Ian Rush', 'Mark Lawrenson', 'Phil Thompson', 'Paul Ince', 'Tommy Tynan', 'Ray Houghton is already in the claim, exclude', 'other players are also excluded as they are not on the Liverpool F.C. squad from 1987 to 1992'","['Bruce Grobbelaar', 'Michael Thomas', 'Barry Venison', 'Brian Mooney', 'Ken DeMange', 'Steve Staunton', 'John Durnin', 'John Aldridge', 'David Burrows', 'John Smyth', 'Steve Nicol', 'Mark Walters', 'Don Hutchison', 'Ronny Rosenthal', 'Dominic Matteo', 'John Wark', 'Kenny Dalglish', 'Steve Harkness', 'Paul Walsh', 'Alex Watson', 'Kevin MacDonald', 'Mark Wright', 'Jamie Robinson', 'Ronnie Whelan', 'Rob Jones', 'Mark Kenny', 'Gary Ablett', 'Alan Irvine', 'Glenn Hysén', 'Mark Seagraves', 'David James', 'Nick Tanner', 'Alan Hansen', 'Ian Rush', 'Mike Hooper', 'Jim Magilton', 'Stuart Whittaker', 'Jimmy Carter', 'Billy Mercer', 'István Kozma', 'Jamie Redknapp', 'Dean Saunders', 'Nigel Spackman', 'Peter Beardsley', 'Mike Marsh', 'Mark Lawrenson', 'David Speedie', 'Steve McMahon', 'Jan Mølby', 'Tony Cousins', 'Ray Houghton', 'Paul Stewart', 'John Barnes', 'Carl Muggleton', 'Stig Inge Bjørnebye', 'Torben Piechnik', 'Barry Jones', 'Scott Paterson', 'Jim Beglin', 'Lee Jones', 'Gary Gillespie', 'Steve McManaman', 'Phil Charnock']"
340,"'Paolo Mozzini', 'Carlo Facchin', 'Marco Pacione', 'Okoroji Henry', 'Mirco Sadotti', 'Giovanni Meregalli', 'Roberto Baronio', 'Sunday Oliseh', 'Pierluigi Di Già', 'Aldo Zucchero', 'Luca Tremolada', 'Giorgio Zamuner', 'Obafemi Martins', 'Mario Tomy', 'Guido Tieghi', 'Oreste Benatti', 'Nunzio Falco', 'Antonino Bonvissuto', 'Mario Deotto', 'Marco Martini', 'Andrea Carnevale', 'Roberto Bosco', 'Stefano De Agostini', 'Augusto Gabriele', 'Orazio Rancati', 'Lorenzo Morelli', 'Mirko Stefani', 'Luigi Podestà', 'Ennio Testa', 'Loris Del Nevo', 'Sandro Tovalieri', 'Gian Piero Gasperini', 'Silvio Bandini', 'Niccolò Manfredini', 'Enzo Bellini', 'Johnny Ekström', 'Giovanni Bruno', 'Livio Spaggiari', 'Mauro Agretti', 'Giovanni Francini', 'Rui Águas', 'Massimiliano Fanesi', 'Eugenio Sgarbossa', 'Mario Gurma', 'Umberto Romanini', 'Giuseppe Morosi', 'Massimo Gadda', 'Guido Duo', 'Alessandro Cesaretti', 'Aldo Peruzzo'","['Danilo Zini', 'Luca Tremolada', 'Filippo Antonelli', 'Mario Gurma', 'Francesco Ardizzone', 'Mattia Sprocati', 'Daniele Magliocchetti', 'Luca Tomasig', 'Giampaolo Calzi', 'Caio De Cenco', 'Valerio Anastasi', 'Andrea Bandini', 'Davide Matteini', 'Filippo Capitanio', 'Marco Silvestri', 'Cris Gilioli', 'Lukáš Zima', 'Michele Cavion', 'Davide Sinigaglia', 'Simone Esposito', 'Alberto Cossentino', 'Paolo Zanetti', 'Francesco Ruopolo', 'Matteo Solini', 'Paolo Dametto', 'Elio De Silvestro', 'Manuel Ricci', 'Antonino Bonvissuto', 'Davide Cais']"
350,"'Martin Rees', 'Robert May, Baron May of Oxford'","['Robert May, Baron May of Oxford', 'Martin Rees']"
360,"'George Paul Miller', 'Norris C. Poulson', 'John J. Phillips', 'William Knowland', 'Willis Winter Bradley', 'Augustus F. Hawkins'","['Thomas H. Werdel', 'Norris C. Poulson', 'George Paul Miller', 'Augustus F. Hawkins']"
370,"'Neil Cooper', 'Peter Springett', 'Colin Walker', 'Steve McAdam', 'Simon Lowe', 'Ian Ironside', 'Chris Pearce'","['Darren Foreman', 'Owen Archdeacon', 'Paul Futcher', 'Gary Fleming', 'Steve Agnew', 'John MacDonald', 'Jim Dobbin', 'Malcolm Shotton', 'Julian Broddle', 'Joe Joyce', 'Phil Gray', 'Mark Robinson', 'Steve Cooper', 'Tony Rees', 'Sean Dunphy', 'John Beresford', 'Steve Lowndes', 'Ian Banks', 'David Currie', 'Carl Tiler']"
380,Members of the Parliament of Finland who served from 1966 to 1970 or before 1970 or after 1966,"['V. J. Sukselainen', 'Olavi Lahtela', 'Arto Tiainen', 'Johannes Virolainen', 'Paavo Väyrynen', 'Hertta Kuusinen', 'Ilmo Paananen', 'Harri Holkeri', 'Juha Rihtniemi', 'Raimo Ilaskivi', 'Mikko Juva', 'Kerttu Saalasti', 'Margit Borg-Sundman']"
390,filtered list of players,"['Arthur Cunliffe', 'Ted Adams', 'Jack Liggins', 'Ray Harrison', 'Jackie Rimmer', 'Harold Readett', 'Gilbert Richmond', 'Tommy Gardner', 'Percy Downes', 'Henry Pinkerton', 'Tony Hapgood', 'Jim Milner', 'Tommy Cummings', 'Les Shannon', 'Ellis Stuttard', 'John Oliver', 'Bill Hurst', 'Neil Dougall', 'Tom Douglas', 'George Mathison', 'Cecil Smith', 'Les Samuels', 'Steve Kilcar', 'Alan Brown', 'Billy Elliott', 'Tommy Lawton', 'Harry Mather', 'Norman Kirkman', 'Peter Kippax', 'George Nevin', 'Alex Scott', 'George Strong', 'Jack Breedon', 'Ted Hancock', 'Jock Aird', 'Eric Binns', 'Bill Holden', 'Harry Hubbick', 'Tom Hetherington', 'Alf Clarke', 'Jimmy McIlroy', 'Arthur Woodruff', 'Jackie Knight', 'Charlie Fletcher', 'Joe Loughran', 'Jimmy Stein', 'Ian Wilson', 'Jack Billingham', 'Harry Jackson', 'Colin McDonald', 'Cliff Britton', 'Gordon Haigh', 'Andy McLaren', 'Reg Attwell', 'Billy Robson', 'Doug Winton', 'Joe Brown', 'John Gastall', 'Bill Hayes']"
400,players who played alongside Neil Howarth during 1987-1994,"['Gary Parkinson', ""Brendan O'Connell"", 'Joe Neenan', 'Steve Harper', 'Chris Brass', 'John Pender', 'Paul Atkinson', 'Dave Miller', 'Winston White', 'Jason Withe', 'Jamie Hoyland', 'George Oghani', 'Ian Measham', 'Leigh Palin', 'Chris Vinnicombe', 'Derrick Parker', 'Peter Daniel', 'Mark Yates', 'Ray Deakin', 'David Williams', 'Junior Bent', 'John Mullin', 'Ian Britton', 'Ted McMinn', 'Steve Taylor', 'Graham Lancashire', 'Danny Sonner', 'Adrian Randall', 'John Clayton', 'Paul Smith', 'Wayne Dowell', 'John Francis', 'Mark Winstanley', 'David Campbell', 'Wayne Russell', 'Andy Marriott', 'Robbie Painter', 'Mark Kendall', 'Nathan Peel', 'Phil Murphy', 'Andy Farrell', 'Steve Penney', 'Louie Donowa', 'Kevin Russell', 'Leighton James', 'Mark Harris', 'Gary Rowell', 'David Jones', 'Liam Robinson', 'Alan Harper', 'Nick Pickering', 'Darren Heesom', 'Joe Gallagher', 'Adrian Heath', 'Mark Caughey', 'Warren Joyce', 'Nicky Walker', 'Foley Okenla', 'Tony Morley', 'Peter Zelem', 'Paul France', 'Paul Comstive', 'David Eyres', 'Brian Mooney', 'Marlon Beresford', 'John Smyth', 'David Hamilton', 'John Gayle', 'Paul Wilson', 'Steve Davis', 'Neil Howarth', 'Steve Davis', 'Ron Futcher', 'Roger Eli', 'Craig Armstrong', 'Joe Jakub', 'Gerry Harrison', 'Andy Saville', 'Peter Hampton', 'Tony Philliskirk', 'Chris Pearce']"
410,"'Lars Jungnickel', 'Jermaine Jones'","['Heiko Westermann', 'Alexander Walke', 'Benjamin Auer', 'Denis Lapaczinski', 'Maik Franz', 'Stephan Kling', 'Tim Wiese', 'Andreas Görlitz', 'Per Mertesacker', 'Christian Mikolajczak', 'Philipp Lahm', 'Hanno Balitsch', 'Patrick Milchraum', 'Alexander Madlung', 'Selim Teber', 'Benjamin Lauth', 'Markus Feulner', 'Kevin Kurányi', 'Andreas Hinkel', 'Marco Vorbeck', 'Tobias Rau', 'Christian Tiffert', 'Lars Jungnickel', 'Tom Starke', 'Tobias Rathgeb', 'Mathias Abel', 'Thomas Hitzlsperger', 'Mimoun Azaouagh', 'Thomas Broich', 'Kolja Afriyie', 'Mike Hanke', 'Thorben Marx', 'Jermaine Jones', 'Moritz Volz', 'Thorsten Burkhardt', 'Simon Rolfes', 'Giuseppe Gemiti', 'Florian Kringe', 'Christofer Heimeroth', 'Emmanuel Krontiris', 'Michael Zepek', 'Christoph Preuß']"
420,"'Norman Thomson', 'Paul Benson', 'Jerel Ifil', 'Dave Bamber', 'George Rushton', 'James Milner', 'Paul Franklin', 'Stan Harland', 'Thomas Godfrey', 'Chris Jones', 'Lee Peacock', 'Dick Plumb', 'Hal Robson-Kanu', 'Brian Hughes', 'Terry Gibson', 'Terry Fenwick', 'Jim Whitley', 'Alfred Brown', 'Hameur Bouazza', 'Jimmy Quinn', 'Rollo Jack', 'Adam Willis', 'Frédéric Darras', 'Ian Miller', 'Peter Noble', 'Mark Francis', 'Frank Richardson', 'Bob Brown', 'Jimmy Thompson', 'Dean Hooper', 'Federico Bessone', 'Jack Howarth', 'Jamie Cureton', 'Massimo Luongo', 'Tom Phillipson', 'Raffaele De Vita', 'Albert Jarrett', 'Eoin Hand', 'Ashan Holgate', 'Ray Clarke', 'Alan Sheehan', 'Ollie Morah', 'Billy Lucas', 'Jake Jervis', 'Paul Thirlwell', 'Steve Adams', 'Denny Mundee', 'Colin Prophett', 'Dean Marney', 'Jamie Slabber'","['Dave Hockaday', 'Paul Hunt', 'Leigh Barnard', 'Paul Trollope', 'David Moss', 'Fitzroy Simpson', 'Chris Kamara', 'Mark Gardiner', 'Chris Ramsey', 'Phil King', 'Brian Hughes', 'Osvaldo Ardiles', 'Nick Hammond', 'Roy Carter', 'David Geddis', 'Peter Coyne', 'Kevin Moore', 'Jimmy Gilligan', 'Colin Calderwood', 'Gary Williams', 'Paul Franklin', 'Steve Abbley', 'Nigel Gray', 'Ray Baverstock', 'Shaun Close', 'Nicky Summerbee', 'Jimmy Quinn', 'Gary Emmanuel', 'Fraser Digby', 'Tony Evans', 'Paul Bodin', 'Richard Key', 'Denny Mundee', 'Adrian Viveash', 'Tom Jones', 'John Kelly', 'Curtis Fleming', 'Mark Dempsey', 'Steve White', 'Lou Macari', 'Howard Pritchard', 'Dave Bamber', 'Steve Berry', 'Roy Wegerle', 'Roy Greenwood', 'John Cornwell', 'Scott Endersby', 'Tony Galvin', 'Duncan Shearer', 'Andy Petterson', 'Paul Crichton', 'Alan McLoughlin', 'Garry Nelson', 'Paul Rideout', 'David Caldwell', 'Paul Roberts', 'Ian Muir', 'Tim Parkin', 'Jon Gittens', 'Colin Gordon', 'Martin Ling', 'Jon Hallworth', 'Charlie Henry', 'Ian Andrews', 'Ken Beamish', 'Craig Maskell', 'Derek Hall', 'David Kerslake', 'Steve Foley', 'Bobby Barnes', ""Kieran O'Regan"", 'Tony Sealy', 'Tim Flowers', 'Jake Findlay']"
430,"""Ryan Williams"", ""Suad Fileković"", ""Jonathan Walters"", ""Neil Cooper"", ""David Geddis"", ""Kevin McMahon"", ""Peter Springett"", ""Danny Alcock"", ""Luke Steele"", ""Kern Miller"", ""Bobby Archibald"", ""Colin Walker"", ""Frederick Mearns"", ""Steve McAdam"", ""Geoff Thomas"", ""Jean-Yves M'voto"", ""Jon Macken"", ""Gordon Owen"", ""George Robledo"", ""Arjan de Zeeuw"", ""Glynn Hurst"", ""Robin van der Laan"", ""Kevin Betsy"", ""Neil Austin"", ""Nathan Jarman"", ""Chris Dagnall"", ""Dale Tonge"", ""Tininho"", ""Tom Forman"", ""Leonard Thompson"", ""Gareth Williams"", ""Keith Brown"", ""Kyle Nix"", ""Saša Ilić"", ""Frank Cornan"", ""Daniel Bogdanović"", ""Sean McClare"", ""Matt Done"", ""Ken Lambert"", ""Simon Whaley"", ""Malcolm Graham"", ""Andy Evans"", ""Tommy Ring"", ""Jeremy Christie"", ""Garry O'Connor"", ""Joe Dudgeon"", ""Simon Lowe"", ""Ian Ironside"", ""Patrick McDonagh"", ""Chris Pearce""","['Jon Parkin', 'Martin Bullock', 'Rory Fallon', 'Antony Kay', 'Carl Regan', 'Simon Heslop', 'Nicky Wroe', 'Kevin Donovan', 'Daniel Nardiello', 'Ricky Ravenhill', 'Janne Salli', 'Rob Atkinson', 'Stephen McPhail', 'Tony Caig', 'Kevin Austin', 'Robbie Williams', 'Craig Ireland', 'Keith Curle', 'Fola Onibuje', 'Paul Reid', 'Darren Barnard', 'Jim Lauchlan', 'Jacob Burns', 'Alex Neil', 'John Oster', 'Nathan Joynes', 'Lee Jones', 'Mateo Corbo', ""Brian O'Callaghan"", 'Paul Gibbs', 'Paul Bernard', 'Kevin Richardson', 'Craig Hignett', 'Michael Chopra', 'Andy Evans', 'Geoff Thomas', 'Dale Tonge', 'David Murphy', 'Arjan de Zeeuw', 'Karl Rose', 'Peter Sand', 'Bruce Dyer', 'Peter Handyside', 'Clint Marcelle', 'Adie Moses', 'Leo Bertos', 'Stephen Carson', 'Neil Austin', 'Sean McClare', 'Garry Monk', 'Kevin Betsy', 'Mike Flynn', 'Craig Rocastle', 'Andy Holt', 'Arron Davies', 'Barry Conlon', 'Kevin Miller', 'Clayton Blackmore', 'Andy Marriott', 'Gary McSwegan', 'Fumaça', 'Mark Stallard', 'Chris Morgan', 'Gjorgji Hristov', 'Ryan Laight', 'Nathan Jarman', 'Darren Sheridan', 'Gavin Ward', 'Stuart Ripley', 'Chris Shuker', 'Steve Chettle', 'John Hendrie', 'Gary Jones', 'Robin van der Laan', 'John Curtis', 'Isaiah Rankin', 'Aleš Križan', 'Kevin Gallen', 'Chris Barker', 'Tony Bedeau', 'Ross Turnbull', 'Tony Vaughan', 'Tony Bullock', 'Lars Leese', 'Dave Mulligan', 'Dave Tuttle', 'Scott Flinders', 'Neil Maddison', 'Saša Ilić', 'Gary Birch', 'Lee Crooks', 'Mitch Ward', 'Tony Gallimore', 'Nicky Eaden', 'Matt Carbon', 'Ian Woan', 'Eric Tinkler', 'Marlon Beresford', 'Allan Pearce', 'James Dudgeon', 'Jeremy Christie', 'Peter Markstedt', 'Michael Boulding', 'Danny Alcock', 'Keith Brown', 'Mike Sheron', 'Nick Colgan', 'Chris Lumsdon', 'Michael Reddy', 'Don Goodman', 'Dean Gorré', 'Richard Naylor', 'Neil Shipperley', 'Mark Jackson', 'Jonathan Walters', 'Matthew Ghent', 'Michael Welch', 'Darren Young', 'Matty Appleby', 'Tom Williams']"
440,Abstain,"['Francesco Mancini', 'José Luís Vidigal', 'Fabio Gatti', 'Massimo Carrera', 'Alberto Savino', 'Mario Cvitanović', 'Davide Dionigi', 'Roberto Sosa', 'Cataldo Montesanto', 'Roberto Stellone', 'Salvatore Accursi', 'Alessandro Del Grosso', 'Andrea Bernini', 'Matteo Villa', 'Antonio Floro Flores', 'Gianluca Savoldi', ""Maurizio D'Angelo"", 'Emanuele Berrettoni', 'Renato Olive', 'Karl Corneliusson', 'Mauro Bonomi', 'Max Vieri', 'Daniele Portanova', 'Leandro Guerreiro', 'Simone Bonomi', 'Nicola Mora', 'Nicola Corrent', 'Antonino Saviano', 'Carlos Pavón', 'Rubens Pasino', 'Domenico Cristiano', 'Nicola Ciotola', 'Mariano Stendardo', 'Gennaro Scarlato', 'Nicola Zanini', 'Sean Sogliano', 'Emanuele Troise', 'Pietro De Giorgio', 'Andrea Gaveglia', 'Vittorio Tosto', 'Gennaro Esposito', 'Antonio Bocchetti', 'Raffaele Gragnaniello', 'Claudio Terzi', 'David Sesa', 'Francesco Baldini', 'Emanuele Manitta', 'Marco Quadrini', 'Emanuele Belardi', 'Marco Zamboni', 'Massimiliano Varricchio', 'Pierluigi Brivio', 'Matteo Gianello', 'Claudio Ferrarese', 'Ignazio Abate', 'Robson Toledo', 'Giovanni Ignoffo', 'Gonzalo Martínez', 'Nunzio Di Roberto', 'Nicola Pozzi', 'Francesco Montervino', 'Marco Storari', 'Marko Perović', 'Dario Marcolin', 'Fábio César Montezine', 'Abdelilah Saber']"
450,"'Nick Brown', 'John Gummer', 'Gavin Strang', 'Michael Jopling, Baron Jopling', 'David Curry', 'William Waldegrave, Baron Waldegrave of North Hill', 'Derick Heathcoat-Amory, 1st Viscount Amory', 'Douglas Hogg', 'Francis Pym, Baron Pym', 'James Prior, Baron Prior', 'Jack Cunningham, Baron Cunningham of Felling', 'Christopher Soames', 'Gillian Shephard', 'Peter Walker, Baron Walker of Worcester', 'Tim Yeo', 'David Clark, Baron Clark of Windermere', 'Michael Jack', 'John MacGregor, Baron MacGregor of Pulham Market', 'Christopher Addison, 1st Viscount Addison', 'William Morrison, 1st Viscount Dunrossil'","['John Gummer', 'David Clark, Baron Clark of Windermere']"
460,the list of players who played for Club Atlético River Plate between 2004 and 2009,"['Lucas Mareque', 'Sixto Peralta', 'Juan Antonio', 'Patricio Toranzo', 'Fernando Crosa', 'Jaime Alas', 'José San Román', 'Ernesto Farías Caicedo', 'Mauro Díaz', 'Radamel Falcao García', 'Carlos Valencia', 'Érik Lamela', 'Omar Merlo', 'Diego Buonanotte', 'Maxi López', 'Víctor Zapata', 'Andrés San Martín', 'Gustavo Fernand ez', 'Oscar Ahumada', 'Gustavo Fernández', 'Santiago Aloi', 'Roberto Pereyra', 'Maximiliano Oliva', 'Alejandro Faurlín', 'Darío Conca', 'Nicolás Sánchez', 'Facundo Martínez', 'Diego Galván', 'Mauro Rosales', 'Carlos Diogo', 'Fernando Belluschi', 'Lucas Orban', 'Matías Almeyda', 'Abubakar Bello-Osagie', 'Cristian Fabbiani', 'Emmanuel Sambueza', 'Mateo Musacchio', 'Federico Almerares', 'Luis Romero', 'Gustavo Cabral', 'Cristian Tula', 'Alejandro Kruchowski', 'Gonzalo Gil', 'Juan Pablo Carrizo', 'Robert Mario Flores', 'Facundo Affranchino', 'Ariel Ortega', 'Lucho González', 'Mariano Barbosa', 'Martín Miguel Cortes', 'Fernando Cavenaghi', 'Ariel Garcé', 'Paulo Ferrari', 'Nelson Rivas', 'Bernardo Leyenda', 'Andrés Aimar', 'Jonathan Santana', 'John Mosquera', 'Daniel Villalva', 'Pablo Barzola', 'Ricardo Ismael Rojas', 'Lucas Malacarne', 'Federico Domínguez', 'Juan Ojeda', 'Julio César Cáceres', 'Javier Gandolfi', 'Facundo Hernán Quiroga', 'Marco Ruben', 'Alejandro Saccone', 'Gonzalo Abán', 'Gonzalo Ludueña', 'Pablo Frontini', 'Cristian Raúl Ledesma', 'Claudio Husaín', 'Daniel rodillo Montenegro', 'Sebastián Sciorilli', 'Eial Strahman', 'Nicolás Navarro', 'Germán Lux', 'Franco Costanzo', 'Nicolás Sanchez', 'Marlon de Jesús', 'Marcelo Salas', 'Rodrigo Archubi', 'Emmanuel Martínez', 'Jairo Patiño', 'Judelin Aveska', 'Francisco noir', 'José Sand', 'Milan Borjan', 'René Lima', 'Sebastián Abreu', 'Cristian Nasuti', 'Juan Ramón Fernández', 'Federico Higuaín', 'Eduardo Pechacho Coudet', 'Javier Cohene', 'Eduardo Nicolás Tuzzio', 'Leandro Fernández', 'Federico Lussenhoff', 'Juan Carlos Olave', 'Cristián Álvarez', 'Lucas Pusineri', 'Juan Toja', 'Eugenio Klein', 'Andrés Lorenzo Ríos', 'Franco Miranda', 'Diego Barrado', 'Horacio Ameli', 'Jerónimo Morales', 'Celso Ayala', 'Raúl Bobadilla', 'Gustavo Oberman', 'Fernando Diego Pellegrino', 'Gabriel Loeschbor', 'Sebastián Cuerdo', 'Damián Lizio', 'Augusto Fernández', 'Gabriel Pereyra', 'Santiago Salcedo', 'Leonardo Talamonti', 'Matías Abelairas', 'Cristian Insaurralde', 'Matías Oyola', 'Rogelio Funes Mori', 'Kilian Virviescas', 'Nicolás Domingo', 'Gonzalo Higuaín', 'Rolando Zárate', 'Angel Emanuel Luna', 'Miguel Ángel Paniagua', 'Javier Mascherano', 'Jesús Méndez', 'Marcelo Gallardo', 'Germán Pecera', 'Marcelo Larrondo', 'Marcelo Sosa', 'Nelson Cuevas', 'Danilo Gerlo', 'Luciano Leguizamón', 'Marcelo Burzac', 'Gastón Fernández', 'Alejandro Domínguez', 'Leonardo Ponzio', 'Alexis Sánchez']"
470,"Rupert Hamer, James Vinton Smith, William Ruthven, John Thwaites, William Haworth, Archibald Michie, Robert Harper, Theo Sidiropoulos, Robert Menzies, Steve Bracks, Clyde Holding, Thomas Maltby, Alfred Deakin, Murray Thompson, Bill Galvin, Alexander Fraser, Justin Madden, Thomas Ryan, Hamilton Lamb, Arthur Robinson, Doug Jennings, Michael Crutchfield, George Stephen, Wilfrid Kent Hughes, Thomas Hollway, Joan Kirner, Frank Crean, Isaac Isaacs, John Brumby, Lindsay Thompson, Jeff Kennett, Gratton Wilson","['Doug Jennings', 'Rupert Hamer', 'Lindsay Thompson', 'Theo Sidiropoulos', 'Jeff Kennett']"
480,"'Sergio Citterio', 'Aldo Cadario', 'Pietro Ferraris', 'Luigi Cassano', 'Aldo Olivieri', 'Pietro Buscaglia'","['Roberto Rosato', 'Antoine Bonifaci', 'Giancarlo Danova', 'Antonio Gianmarinaro', 'Silvano Vincenzi', 'Lino Grava', 'Fabrizio Poletti', 'Costanzo Balleri', 'Antonio Cardillo', 'Vincenzo Traspedini', 'Giampaolo Piaceri', 'Antonio Roberto Camatta', 'Luciano Teneggi', 'Lido Vieri', 'Narciso Soldan', 'Amedeo Balestrieri', 'Giorgio Puia', 'Ugo Tomeazzi', 'Giuseppe Virgili', 'Gerry Hitchens', 'Giovanni Mialich', 'Bruno Baiardo', 'Enzo Bearzot', 'Giordano Mattavelli', 'Angelo Spanio', 'Giovanni Invernizzi', 'Joe Baker', 'Luciano Panetti', 'Steve Mokone', 'Rino Ferrario', 'Beniamino Di Giacomo', 'Carlo Crippa', 'Italo Mazzero', 'Denis Law', 'Aldo Agroppi', 'Joaquín Peiró', 'Giancarlo Cella', 'Giorgio Ferrini', 'Sergio Santelli']"
490,"Daniele Delli Carri, Roberto Fogli, Roberto Cravero, Emiliano Mondonico, Andrea Gentile, Francesco Carbone, Andrea Gentile, Tonino Sorrentino isn't included in result because there isn't any given Daniele Delli Carri time but at least 1998-2001 data was in football reference","['Filippo Masolini', 'Sixto Peralta', 'Diego Fuser', 'Luigi Garzja', 'Luigi Panarelli', 'Paolo Cristallini', 'Daniele Martinelli', 'Akeem Omolade', 'Sergio Pellissier', 'Pasquale Rocco', 'Giuseppe Alessi', 'André Cruz', 'Mirko Cudini', 'Marcus Lantz', 'Alex Manninger', 'Mauro Bonomi', 'Giorgio Venturin', 'Andrea Mantovani', 'Djibril Diawara', 'Federico Balzaretti', 'Roberto Cravero', 'Antonino Asta', 'Alessandro Scarponi', 'Tony Dorigo', 'Alessandro Cibocchi', 'Marco Carparelli', 'Fabrizio Casazza', 'Alessio Scarchilli', 'Enzo Biato', 'Tamás Sándor', 'Massimo Crippa', 'Saul Santarelli', 'Gustavo Méndez', 'Massimo Brambilla', 'Fabio Pecchia', 'Corrado Colombo', 'Fabio Tricarico', 'Andrea Soncin', 'Paolo Castellini', 'Carmine Nunziata', 'Massimo Lombardini', 'Cristiano Lucarelli', 'Giovanni Lopez', 'Federico Magallanes', 'Riccardo Maspero', 'Riccardo Fissore', 'Mariano Fernández', 'Giuseppe Scienza', 'Marco Sanna', 'Alessandro Pedroni', 'Gennaro Scarlato', 'Lorenzo Minotti', 'Alessandro Caparco', 'Matjaž Florijančič', 'Daniele Di Donato', 'Federico Marchetti', 'Stefano Mercuri', 'Diego De Ascentis', 'Carlos Marinelli', 'Abdullah Fusseini', 'Abdelilah Saber', 'Benoît Cauet', 'Fabio Giordano', 'Riccardo Corallo', 'Stefano Fattori', 'Pablo Gaglianone', 'Daniele Martinetti', 'Fabio Galante', 'Gianluca Comotto', 'Francesco Statuto', 'Erik Edman', 'Johan Walem', 'Andrea Fabbrini', 'Nicola Mora', 'Alessandro Grandoni', 'Alberto Maria Fontana', 'Luca Bucci', 'Luca Pastine', 'Moreno Longo', 'Stefan Schwoch', 'Gabriele Paoletti', 'Ilija Ivić', 'Ronaldo Vanin', 'Franco Semioli', 'Simone Tiribocchi', 'Paolo Martelli', 'Carlo Sassarini', 'Emanuele Calaiò', 'Roberto Cevoli', 'Massimo Ficcadenti', 'Massimo Donati', 'José María Franco', 'Yksel Osmanovski', 'Alessandro Nista', 'Francesco Russo', 'Gianluigi Lentini', 'Marco Ferrante', 'Giammarco Frezza', 'Alejandro Escalona', 'Cristian Gil Mosquera', 'Pietro Parente', 'Francesco Coco', 'Vincenzo Sommese', 'Paolo Rossi', 'Edoardo Artistico', 'Claudio Bonomi', 'Alessandro Conticchio', 'Roberto Maltagliati', 'Cristian Adami', 'Simone Rizzato', 'Cosimo Sarli', 'Vittorio Pusceddu', 'Samuel Ipoua', 'Andrea Silenzi', 'Luca Mezzano', 'Pablo Malinarich', 'Daniele Delli Carri', 'Hernán Rodrigo López', 'Davide Mandelli', 'Fabio Cinetti', 'Roberto Bacci', 'Stefano Sorrentino', 'André Luciano da Silva', 'Felice Foglia', 'Krunoslav Jurčić']"
500,"'Mike Bishop', 'Debbie Stabenow', 'Carolyn Cheeks Kilpatrick', 'Bart Stupak', 'Mark Schauer', 'Lynn N. Rivers', 'Bill Huizenga', 'Kwame Kilpatrick', 'Gretchen Whitmer', 'Tim Walberg'","['Gretchen Whitmer', 'John Moolenaar', 'Bill Huizenga']"
510,"'Elpidio Quirino', 'Carlos P. Garcia', 'Diosdado Macapagal', 'Sergio Osmeña', 'Ramon Magsaysay', 'Ferdinand Marcos'","['Manuel Roxas', 'Elpidio Quirino', 'Carlos P. Garcia', 'Ramon Magsaysay', 'Diosdado Macapagal']"
520,"'Cecilia Wikström', 'Gunilla Carlsson', 'Alf Svensson', 'Max Andersson', 'Fredrik Reinfeldt', 'Maria Wetterstrand', 'Mauricio Rojas', 'Fredrick Federley'","['Gunilla Carlsson', 'Fredrick Federley', 'Fredrik Reinfeldt', 'Max Andersson', 'Maria Wetterstrand']"
